------------------------------------------------------------------------------------------------------
--Script: Create_and_Insert_Script.sql
--Purpose: Creating the database table and populating it for the anime database
--Name: Amanpreet Kaur
--Date: October 22, 2023
------------------------------------------------------------------------------------------------------

------------------------------------------------------------------------------------------------------
--Dropping the tables if they already exist in the database
------------------------------------------------------------------------------------------------------
DROP TABLE IF EXISTS Anime CASCADE;
DROP TABLE IF EXISTS StatusTable CASCADE;
DROP TABLE IF EXISTS UserAnime CASCADE;
DROP TABLE IF EXISTS AnimeRecommendations CASCADE;
DROP TABLE IF EXISTS UserAnimeRatings CASCADE;

------------------------------------------------------------------------------------------------------
--Creating Anime table
------------------------------------------------------------------------------------------------------
CREATE TABLE Anime (
    AnimePlanetID INT PRIMARY KEY,
    Name VARCHAR(255) NOT NULL,
    AlternativeName VARCHAR(255),
    RatingScore DECIMAL(3, 2),
    NumberVotes INT,
    Tags VARCHAR(255),
    ContentWarning VARCHAR(255),
    Type VARCHAR(50),
    Episodes INT,
    Finished BOOLEAN,
    Duration VARCHAR(20),
    StartYear INT,
    EndYear INT,
    Season VARCHAR(20),
    Studios VARCHAR(255),
    Url VARCHAR(255)
);

------------------------------------------------------------------------------------------------------
--Creating StatusTable table
------------------------------------------------------------------------------------------------------
CREATE TABLE StatusTable (
    status INT PRIMARY KEY,
    description TEXT
);

------------------------------------------------------------------------------------------------------
--Creating UserAnime table 
------------------------------------------------------------------------------------------------------
CREATE TABLE UserAnime (
    user_id INT,
    anime_id INT,
    rating INT,
    watching_status INT,
    watched_episodes INT,
    PRIMARY KEY (user_id, anime_id),
    FOREIGN KEY (anime_id) REFERENCES Anime(AnimePlanetID),
    FOREIGN KEY (watching_status) REFERENCES StatusTable(status)
);

------------------------------------------------------------------------------------------------------
--Creating AnimeRecommendations table
------------------------------------------------------------------------------------------------------
CREATE TABLE AnimeRecommendations (
    AnimeID INT,
    RecommendationID INT,
    AgreeVotes INT,
    PRIMARY KEY (AnimeID, RecommendationID),
    FOREIGN KEY (AnimeID) REFERENCES Anime(AnimePlanetID)
);

------------------------------------------------------------------------------------------------------
--Creating UserAnimeRatings table 
------------------------------------------------------------------------------------------------------
CREATE TABLE UserAnimeRatings (
    user_id INT,
    anime_id INT,
    rating INT,
    PRIMARY KEY (user_id, anime_id),
    FOREIGN KEY (anime_id) REFERENCES Anime(AnimePlanetID)
);

------------------------------------------------------------------------------------------------------
--Inserting data into Anime table 
------------------------------------------------------------------------------------------------------
INSERT INTO Anime (AnimePlanetID, Name, AlternativeName, RatingScore, NumberVotes, Tags, ContentWarning, Type, Episodes, Finished, Duration, StartYear, EndYear, Season, Studios, Url) VALUES (1,'Video Girl AI','Den''ei Shoujo Video Girl AI',3.616,2777,'Comedy, Ecchi, Romance, Sci Fi, Shounen, Love Triangle, Sudden Girlfriend Appearance, Based on a Manga','Nudity','OVA',6,'TRUE','29',1992,1992,'Unknown','Production I.G','https://www.anime-planet.com/anime/video-girl-ai');
INSERT INTO Anime (AnimePlanetID, Name, AlternativeName, RatingScore, NumberVotes, Tags, ContentWarning, Type, Episodes, Finished, Duration, StartYear, EndYear, Season, Studios, Url) VALUES (2,'Vandread','Unknown',3.836,11350,'Comedy, Mecha, Sci Fi, Outer Space, Original Work','Unknown','TV',13,'TRUE','Unknown',2000,2000,'Fall 2000','GONZO','https://www.anime-planet.com/anime/vandread');
INSERT INTO Anime (AnimePlanetID, Name, AlternativeName, RatingScore, NumberVotes, Tags, ContentWarning, Type, Episodes, Finished, Duration, StartYear, EndYear, Season, Studios, Url) VALUES (3,'The Legend of Black Heaven','Kacho-Ouji',3.439,1712,'Sci Fi, Aliens, Music, Rock Music, Original Work','Unknown','TV',13,'TRUE','Unknown',1999,1999,'Summer 1999','AIC, A.P.P.P.','https://www.anime-planet.com/anime/the-legend-of-black-heaven');
INSERT INTO Anime (AnimePlanetID, Name, AlternativeName, RatingScore, NumberVotes, Tags, ContentWarning, Type, Episodes, Finished, Duration, StartYear, EndYear, Season, Studios, Url) VALUES (4,'Fist of the North Star','Hokuto no Ken',3.849,4873,'Action, Shounen, Desert, Dystopia, Hand to Hand Combat, Martial Arts, Overpowered Main Characters, Post-apocalyptic, Based on a Manga','Explicit Violence, Mature Themes, Nudity, Physical Abuse','TV',109,'TRUE','Unknown',1984,1987,'Unknown','Toei Animation','https://www.anime-planet.com/anime/fist-of-the-north-star');
INSERT INTO Anime (AnimePlanetID, Name, AlternativeName, RatingScore, NumberVotes, Tags, ContentWarning, Type, Episodes, Finished, Duration, StartYear, EndYear, Season, Studios, Url) VALUES (5,'Saiyuki','Alt titles: Gensou Maden Saiyuki, Gensoumaden Saiyuuki',3.825,5764,'Action, Adventure, Comedy, Fantasy, Shounen, Ancient China, Exorcists, Journey to the West, Based on a Manga','Unknown','TV',50,'TRUE','Unknown',2000,2001,'Spring 2000','Pierrot','https://www.anime-planet.com/anime/saiyuki');
INSERT INTO Anime (AnimePlanetID, Name, AlternativeName, RatingScore, NumberVotes, Tags, ContentWarning, Type, Episodes, Finished, Duration, StartYear, EndYear, Season, Studios, Url) VALUES (6,'FLCL','Furi Kuri',4.124,41400,'Action, Comedy, Romance, Sci Fi, Coming of Age, Non-Human Protagonists, Robots, Slapstick, Original Work','Unknown','OVA',6,'TRUE','25',2000,2001,'Unknown','GAINAX, Production I.G','https://www.anime-planet.com/anime/flcl');
INSERT INTO Anime (AnimePlanetID, Name, AlternativeName, RatingScore, NumberVotes, Tags, ContentWarning, Type, Episodes, Finished, Duration, StartYear, EndYear, Season, Studios, Url) VALUES (7,'Blue Submarine No. 6','Ao no 6-gou',3.543,5550,'Sci Fi, Military, Ocean, Political, Real Robot, Submarine, Based on a Manga','Unknown','OVA',4,'TRUE','32',1998,2000,'Unknown','GONZO','https://www.anime-planet.com/anime/blue-submarine-no-6');
INSERT INTO Anime (AnimePlanetID, Name, AlternativeName, RatingScore, NumberVotes, Tags, ContentWarning, Type, Episodes, Finished, Duration, StartYear, EndYear, Season, Studios, Url) VALUES (8,'Kiddy Grade','Unknown',3.547,5624,'Fantasy, Sci Fi, Outer Space, Superpowers, Original Work','Unknown','TV',24,'TRUE','Unknown',2002,2003,'Fall 2002','GONZO','https://www.anime-planet.com/anime/kiddy-grade');
INSERT INTO Anime (AnimePlanetID, Name, AlternativeName, RatingScore, NumberVotes, Tags, ContentWarning, Type, Episodes, Finished, Duration, StartYear, EndYear, Season, Studios, Url) VALUES (10,'The Prince of Tennis','Tennis no Ouji-sama',4.037,10889,'Comedy, Drama, Shounen, Sports, Tennis, Based on a Manga','Unknown','TV',178,'TRUE','Unknown',2001,2005,'Fall 2001','Production I.G, Trans Arts','https://www.anime-planet.com/anime/the-prince-of-tennis');
INSERT INTO Anime (AnimePlanetID, Name, AlternativeName, RatingScore, NumberVotes, Tags, ContentWarning, Type, Episodes, Finished, Duration, StartYear, EndYear, Season, Studios, Url) VALUES (11,'Kimagure Orange Road','Unknown',3.861,1780,'Comedy, Romance, Shounen, Episodic, Love Triangle, Psychic Powers, School Life, Supernatural, Unrequited Love, Based on a Manga','Unknown','TV',48,'TRUE','Unknown',1987,1988,'Unknown','Pierrot','https://www.anime-planet.com/anime/kimagure-orange-road');
INSERT INTO Anime (AnimePlanetID, Name, AlternativeName, RatingScore, NumberVotes, Tags, ContentWarning, Type, Episodes, Finished, Duration, StartYear, EndYear, Season, Studios, Url) VALUES (12,'Now and Then, Here and There','Ima, Soko ni Iru Boku',3.972,6215,'Drama, Sci Fi, Dystopia, Melancholy, Military, Person in a Strange World, Post-apocalyptic, War, Original Work','Animal Abuse, Mature Themes, Physical Abuse, Sexual Abuse, Violence','TV',13,'TRUE','Unknown',1999,2000,'Fall 1999','AIC','https://www.anime-planet.com/anime/now-and-then-here-and-there');
INSERT INTO Anime (AnimePlanetID, Name, AlternativeName, RatingScore, NumberVotes, Tags, ContentWarning, Type, Episodes, Finished, Duration, StartYear, EndYear, Season, Studios, Url) VALUES (13,'Vampire Princess Miyu TV','Kyuuketsuki Miyu',3.366,2846,'Fantasy, Horror, Contemporary Fantasy, Elemental Powers, Episodic, Melancholy, Monster-of-the-week, Non-Human Protagonists, Supernatural, Urban Fantasy, Vampires','Unknown','TV',26,'TRUE','Unknown',1997,1998,'Fall 1997','AIC','https://www.anime-planet.com/anime/vampire-princess-miyu-tv');
INSERT INTO Anime (AnimePlanetID, Name, AlternativeName, RatingScore, NumberVotes, Tags, ContentWarning, Type, Episodes, Finished, Duration, StartYear, EndYear, Season, Studios, Url) VALUES (14,'Shiawase-sou no Okojo-san','Unknown',3.237,72,'Comedy, Animal Protagonists, Non-Human Protagonists, Pets, Based on a Manga','Unknown','TV',52,'TRUE','Unknown',2001,2002,'Fall 2001','Radix Ace Entertainment','https://www.anime-planet.com/anime/shiawase-sou-no-okojo-san');
INSERT INTO Anime (AnimePlanetID, Name, AlternativeName, RatingScore, NumberVotes, Tags, ContentWarning, Type, Episodes, Finished, Duration, StartYear, EndYear, Season, Studios, Url) VALUES (15,'Gravitation','Unknown',3.462,12143,'BL, Romance, Shoujo, Shounen-ai, Adult Couples, Cohabitation, LGBT Themes, Mature Romance, Music, Opposites Attract, Rock Music, Showbiz, Writers, Based on a Manga','Emotional Abuse, Mature Themes, Physical Abuse, Sexual Abuse, Sexual Content','TV',13,'TRUE','Unknown',2000,2001,'Fall 2000','Studio DEEN','https://www.anime-planet.com/anime/gravitation');
INSERT INTO Anime (AnimePlanetID, Name, AlternativeName, RatingScore, NumberVotes, Tags, ContentWarning, Type, Episodes, Finished, Duration, StartYear, EndYear, Season, Studios, Url) VALUES (16,'Akira','Unknown',4.175,37335,'Action, Sci Fi, Seinen, Cyberpunk, Dystopia, Human Experimentation, Motorcycles, Noir, Post-apocalyptic, Psychic Powers, Superpowers, Based on a Manga','Explicit Violence, Nudity','Movie',1,'TRUE','125',1988,1988,'Unknown','TMS Entertainment','https://www.anime-planet.com/anime/akira');
INSERT INTO Anime (AnimePlanetID, Name, AlternativeName, RatingScore, NumberVotes, Tags, ContentWarning, Type, Episodes, Finished, Duration, StartYear, EndYear, Season, Studios, Url) VALUES (17,'Jing: King of Bandits','Alt titles: King of Bandit Jing, Ou Dorobou Jing',3.62,5299,'Adventure, Comedy, Fantasy, Shounen, Slice of Life, Episodic, Thieves, Based on a Manga','Unknown','TV',13,'TRUE','Unknown',2002,2002,'Spring 2002','Studio DEEN','https://www.anime-planet.com/anime/jing-king-of-bandits');
INSERT INTO Anime (AnimePlanetID, Name, AlternativeName, RatingScore, NumberVotes, Tags, ContentWarning, Type, Episodes, Finished, Duration, StartYear, EndYear, Season, Studios, Url) VALUES (18,'Scryed','Unknown',3.752,11509,'Action, Sci Fi, Superpowers, Original Work','Unknown','TV',26,'TRUE','Unknown',2001,2001,'Summer 2001','Sunrise','https://www.anime-planet.com/anime/scryed');
INSERT INTO Anime (AnimePlanetID, Name, AlternativeName, RatingScore, NumberVotes, Tags, ContentWarning, Type, Episodes, Finished, Duration, StartYear, EndYear, Season, Studios, Url) VALUES (19,'Pretear','Shin Shirayukihime Densetsu Pretear',3.579,7702,'Fantasy, Magical Girl, Romance, Shoujo, Contemporary Fantasy, Elemental Powers, Henshin Heroes, Magic, Based on a Manga','Unknown','TV',13,'TRUE','Unknown',2001,2001,'Spring 2001','Hal Film Maker','https://www.anime-planet.com/anime/pretear');
INSERT INTO Anime (AnimePlanetID, Name, AlternativeName, RatingScore, NumberVotes, Tags, ContentWarning, Type, Episodes, Finished, Duration, StartYear, EndYear, Season, Studios, Url) VALUES (20,'Irresponsible Captain Tylor','Musekinin Kanchou Tylor',4.157,3184,'Adventure, Comedy, Sci Fi, Aliens, Military, Outer Space, Space Opera, Based on a Light Novel','Unknown','TV',26,'TRUE','Unknown',1993,1993,'Unknown','Tatsunoko Production','https://www.anime-planet.com/anime/irresponsible-captain-tylor');
INSERT INTO Anime (AnimePlanetID, Name, AlternativeName, RatingScore, NumberVotes, Tags, ContentWarning, Type, Episodes, Finished, Duration, StartYear, EndYear, Season, Studios, Url) VALUES (22,'Naruto','Unknown',4.134,117389,'Action, Drama, Shounen, Japanese Mythology, Ninja, Revenge, Rivalries, Based on a Manga','Unknown','TV',220,'TRUE','Unknown',2002,2007,'Fall 2002','Pierrot','https://www.anime-planet.com/anime/naruto');
INSERT INTO Anime (AnimePlanetID, Name, AlternativeName, RatingScore, NumberVotes, Tags, ContentWarning, Type, Episodes, Finished, Duration, StartYear, EndYear, Season, Studios, Url) VALUES (23,'Maison Ikkoku','Unknown',4.149,2087,'Comedy, Drama, Romance, Seinen, Apartment Life, Boarding House, Coming of Age, Love Triangle, Neighbors, Based on a Manga','Nudity','TV',96,'TRUE','Unknown',1986,1988,'Unknown','Studio DEEN','https://www.anime-planet.com/anime/maison-ikkoku');
INSERT INTO Anime (AnimePlanetID, Name, AlternativeName, RatingScore, NumberVotes, Tags, ContentWarning, Type, Episodes, Finished, Duration, StartYear, EndYear, Season, Studios, Url) VALUES (24,'Urusei Yatsura','Unknown',3.656,2118,'Comedy, Romance, Sci Fi, Shounen, Slice of Life, Aliens, Cohabitation, School Life, Sudden Girlfriend Appearance, Based on a Manga','Unknown','TV',195,'TRUE','Unknown',1981,1986,'Unknown','Studio DEEN, Pierrot','https://www.anime-planet.com/anime/urusei-yatsura');
INSERT INTO Anime (AnimePlanetID, Name, AlternativeName, RatingScore, NumberVotes, Tags, ContentWarning, Type, Episodes, Finished, Duration, StartYear, EndYear, Season, Studios, Url) VALUES (25,'Bastard!!','Bastard!! Ankoku no Hakai Kami',3.281,4582,'Fantasy, Seinen, Dark Fantasy, Magic, Medieval, Parody, Serial Killers, Based on a Manga','Explicit Violence, Nudity','OVA',6,'TRUE','Unknown',1992,1993,'Unknown','AIC','https://www.anime-planet.com/anime/bastard');
INSERT INTO Anime (AnimePlanetID, Name, AlternativeName, RatingScore, NumberVotes, Tags, ContentWarning, Type, Episodes, Finished, Duration, StartYear, EndYear, Season, Studios, Url) VALUES (26,'Ranma 1/2','Unknown',4.009,17247,'Comedy, Harem, Romance, Shounen, Animal Transformation, Arranged Marriage, Cohabitation, Curse, Gender Bender, Martial Arts, Romantic Comedy, Tsundere, Based on a Manga','Nudity','TV',161,'TRUE','Unknown',1989,1992,'Unknown','Studio DEEN','https://www.anime-planet.com/anime/ranma-12');
INSERT INTO Anime (AnimePlanetID, Name, AlternativeName, RatingScore, NumberVotes, Tags, ContentWarning, Type, Episodes, Finished, Duration, StartYear, EndYear, Season, Studios, Url) VALUES (27,'Jin-Roh: The Wolf Brigade','Unknown',3.955,8424,'Action, Seinen, Guns, Military, Noir, Police, Terrorism, Thriller, Based on a Manga','Mature Themes, Violence','Movie',1,'TRUE','102',2000,2000,'Unknown','Production I.G','https://www.anime-planet.com/anime/jin-roh-the-wolf-brigade');
INSERT INTO Anime (AnimePlanetID, Name, AlternativeName, RatingScore, NumberVotes, Tags, ContentWarning, Type, Episodes, Finished, Duration, StartYear, EndYear, Season, Studios, Url) VALUES (28,'Love Hina','Unknown',3.689,26980,'Comedy, Ecchi, Harem, Romance, Shounen, Apartment Life, Boarding House, Childhood Promise, Landlords, Neighbors, Romantic Comedy, Slapstick, Tsundere, Based on a Manga','Unknown','TV',24,'TRUE','Unknown',2000,2000,'Spring 2000','XEBEC','https://www.anime-planet.com/anime/love-hina');
INSERT INTO Anime (AnimePlanetID, Name, AlternativeName, RatingScore, NumberVotes, Tags, ContentWarning, Type, Episodes, Finished, Duration, StartYear, EndYear, Season, Studios, Url) VALUES (29,'RahXephon','Unknown',3.811,9210,'Mecha, Romance, Sci Fi, Aliens, Conspiracy, Military, Post-apocalyptic, Psychological, Super Robot, Original Work','Unknown','TV',26,'TRUE','Unknown',2002,2002,'Winter 2002','Bones','https://www.anime-planet.com/anime/rahxephon');
INSERT INTO Anime (AnimePlanetID, Name, AlternativeName, RatingScore, NumberVotes, Tags, ContentWarning, Type, Episodes, Finished, Duration, StartYear, EndYear, Season, Studios, Url) VALUES (30,'Metropolis','Osamu Tezuka''s Metropolis',3.781,8075,'Sci Fi, Androids, Non-Human Protagonists, Robots, Based on a Manga','Unknown','Movie',1,'TRUE','109',2001,2001,'Unknown','MADHOUSE','https://www.anime-planet.com/anime/metropolis');
INSERT INTO Anime (AnimePlanetID, Name, AlternativeName, RatingScore, NumberVotes, Tags, ContentWarning, Type, Episodes, Finished, Duration, StartYear, EndYear, Season, Studios, Url) VALUES (32,'Someday''s Dreamers','Mahou Tsukai ni Taisetsu na Koto',3.293,2243,'Drama, Fantasy, Shounen, Slice of Life, Apprenticeship, Contemporary Fantasy, Iyashikei, Magic, Urban Fantasy, Based on a Manga','Unknown','TV',12,'TRUE','Unknown',2003,2003,'Winter 2003','J.C.Staff, Viewworks','https://www.anime-planet.com/anime/somedays-dreamers');
INSERT INTO Anime (AnimePlanetID, Name, AlternativeName, RatingScore, NumberVotes, Tags, ContentWarning, Type, Episodes, Finished, Duration, StartYear, EndYear, Season, Studios, Url) VALUES (33,'Aquarian Age','Aquarian Age: Sign for Evolution',2.713,1661,'Drama, Mystery, Romance, Music, Based on a Card Game','Unknown','TV',13,'TRUE','Unknown',2002,2002,'Winter 2002','MADHOUSE','https://www.anime-planet.com/anime/aquarian-age');
INSERT INTO Anime (AnimePlanetID, Name, AlternativeName, RatingScore, NumberVotes, Tags, ContentWarning, Type, Episodes, Finished, Duration, StartYear, EndYear, Season, Studios, Url) VALUES (34,'Read or Die','R.O.D - Read or Die',4.099,10417,'Action, Sci Fi, Superpowers, Based on a Light Novel','Unknown','OVA',3,'TRUE','Unknown',2001,2002,'Unknown','Studio DEEN','https://www.anime-planet.com/anime/read-or-die');
INSERT INTO Anime (AnimePlanetID, Name, AlternativeName, RatingScore, NumberVotes, Tags, ContentWarning, Type, Episodes, Finished, Duration, StartYear, EndYear, Season, Studios, Url) VALUES (35,'Boys Be...','Unknown',2.734,2679,'Comedy, Drama, Romance, Shounen, School Life, Based on a Manga','Unknown','TV',13,'TRUE','Unknown',2000,2000,'Spring 2000','Hal Film Maker','https://www.anime-planet.com/anime/boys-be');
INSERT INTO Anime (AnimePlanetID, Name, AlternativeName, RatingScore, NumberVotes, Tags, ContentWarning, Type, Episodes, Finished, Duration, StartYear, EndYear, Season, Studios, Url) VALUES (36,'Get Backers','Unknown',3.855,11406,'Action, Comedy, Shounen, Superpowers, Based on a Manga','Unknown','TV',49,'TRUE','Unknown',2002,2003,'Fall 2002','Studio DEEN','https://www.anime-planet.com/anime/get-backers');
INSERT INTO Anime (AnimePlanetID, Name, AlternativeName, RatingScore, NumberVotes, Tags, ContentWarning, Type, Episodes, Finished, Duration, StartYear, EndYear, Season, Studios, Url) VALUES (37,'.hack//SIGN','Unknown',3.544,18766,'Adventure, Fantasy, Sci Fi, Hacking, MMORPG, Person in a Strange World, RPG, Trapped in a Video Game, Virtual Reality','Unknown','TV',26,'TRUE','Unknown',2002,2002,'Spring 2002','BEE TRAIN','https://www.anime-planet.com/anime/hack-sign');
INSERT INTO Anime (AnimePlanetID, Name, AlternativeName, RatingScore, NumberVotes, Tags, ContentWarning, Type, Episodes, Finished, Duration, StartYear, EndYear, Season, Studios, Url) VALUES (38,'Strawberry Eggs','I My Me! Strawberry Eggs',3.389,5481,'Comedy, Romance, Crossdressing, School Life, Original Work','Unknown','TV',13,'TRUE','Unknown',2001,2001,'Summer 2001','TNK','https://www.anime-planet.com/anime/strawberry-eggs');
INSERT INTO Anime (AnimePlanetID, Name, AlternativeName, RatingScore, NumberVotes, Tags, ContentWarning, Type, Episodes, Finished, Duration, StartYear, EndYear, Season, Studios, Url) VALUES (39,'Voices of a Distant Star','Hoshi no Koe',3.859,11250,'Romance, Sci Fi, Aliens, Melancholy, Outer Space, Star-Crossed Lovers, Original Work','Unknown','OVA',1,'TRUE','25',2002,2002,'Unknown','CoMix Wave Films','https://www.anime-planet.com/anime/voices-of-a-distant-star');
INSERT INTO Anime (AnimePlanetID, Name, AlternativeName, RatingScore, NumberVotes, Tags, ContentWarning, Type, Episodes, Finished, Duration, StartYear, EndYear, Season, Studios, Url) VALUES (43,'Flame of Recca','Rekka no Honoo',3.48,7217,'Action, Shounen, Elemental Powers, Hand to Hand Combat, Ninja, Superpowers, Tournaments, Based on a Manga','Unknown','TV',42,'TRUE','Unknown',1997,1998,'Summer 1997','Pierrot','https://www.anime-planet.com/anime/flame-of-recca');
INSERT INTO Anime (AnimePlanetID, Name, AlternativeName, RatingScore, NumberVotes, Tags, ContentWarning, Type, Episodes, Finished, Duration, StartYear, EndYear, Season, Studios, Url) VALUES (44,'Serial Experiments Lain','Unknown',4.017,20684,'Mystery, Sci Fi, Conspiracy, Cyberpunk, Noir, Psychological, Virtual Reality, Original Work','Drug Use, Mature Themes, Suicide','TV',13,'TRUE','Unknown',1998,1998,'Summer 1998','Triangle Staff','https://www.anime-planet.com/anime/serial-experiments-lain');
INSERT INTO Anime (AnimePlanetID, Name, AlternativeName, RatingScore, NumberVotes, Tags, ContentWarning, Type, Episodes, Finished, Duration, StartYear, EndYear, Season, Studios, Url) VALUES (45,'Di Gi Charat','Unknown',3.089,2208,'Comedy, Aliens, Chibi, Episodic, Gag, Non-Human Protagonists, Short Episodes','Unknown','TV',16,'TRUE','5',1999,1999,'Fall 1999','MADHOUSE','https://www.anime-planet.com/anime/di-gi-charat');
INSERT INTO Anime (AnimePlanetID, Name, AlternativeName, RatingScore, NumberVotes, Tags, ContentWarning, Type, Episodes, Finished, Duration, StartYear, EndYear, Season, Studios, Url) VALUES (46,'Mermaid Melody: Pichi Pichi Pitch','Unknown',3.27,4663,'Fantasy, Magical Girl, Shoujo, Family Friendly, Henshin Heroes, Mermaids, Music, Sentai, Superheroes, Tokusatsu, Based on a Manga','Unknown','TV',52,'TRUE','Unknown',2003,2004,'Spring 2003','Actas','https://www.anime-planet.com/anime/mermaid-melody-pichi-pichi-pitch');
INSERT INTO Anime (AnimePlanetID, Name, AlternativeName, RatingScore, NumberVotes, Tags, ContentWarning, Type, Episodes, Finished, Duration, StartYear, EndYear, Season, Studios, Url) VALUES (47,'Munto','Unknown',3.353,1676,'Drama, Fantasy, Romance, Magic, Original Work','Unknown','OVA',1,'TRUE','54',2003,2003,'Unknown','Kyoto Animation','https://www.anime-planet.com/anime/munto');
INSERT INTO Anime (AnimePlanetID, Name, AlternativeName, RatingScore, NumberVotes, Tags, ContentWarning, Type, Episodes, Finished, Duration, StartYear, EndYear, Season, Studios, Url) VALUES (48,'Haibane Renmei','Unknown',4.185,11635,'Drama, Fantasy, Slice of Life, Afterlife, Amnesia, Angels, Countryside, Based on a Doujinshi','Unknown','TV',13,'TRUE','Unknown',2002,2002,'Fall 2002','Radix Ace Entertainment','https://www.anime-planet.com/anime/haibane-renmei');
INSERT INTO Anime (AnimePlanetID, Name, AlternativeName, RatingScore, NumberVotes, Tags, ContentWarning, Type, Episodes, Finished, Duration, StartYear, EndYear, Season, Studios, Url) VALUES (49,'Ocean Waves','Umi ga Kikoeru',3.252,4351,'Drama, Romance, Slice of Life, Coming of Age, School Life, Based on a Novel','Unknown','TV',1,'TRUE','72',1993,1993,'Unknown','Studio Ghibli','https://www.anime-planet.com/anime/ocean-waves');
INSERT INTO Anime (AnimePlanetID, Name, AlternativeName, RatingScore, NumberVotes, Tags, ContentWarning, Type, Episodes, Finished, Duration, StartYear, EndYear, Season, Studios, Url) VALUES (50,'Rurouni Kenshin','Rurouni Kenshin: Meiji Kenkaku Romantan',4.35,35865,'Action, Shounen, 19th Century, Feudal Japan, Overpowered Main Characters, Samurai, Swordplay, Based on a Manga','Unknown','TV',94,'TRUE','Unknown',1996,1998,'Winter 1996','Gallop, Studio DEEN','https://www.anime-planet.com/anime/rurouni-kenshin');
INSERT INTO Anime (AnimePlanetID, Name, AlternativeName, RatingScore, NumberVotes, Tags, ContentWarning, Type, Episodes, Finished, Duration, StartYear, EndYear, Season, Studios, Url) VALUES (52,'Rurouni Kenshin: Tsuiokuhen','Rurouni Kenshin: Trust & Betrayal',4.536,20971,'Drama, Romance, 19th Century, Feudal Japan, Historical, Melancholy, Samurai, Star-Crossed Lovers, Swordplay, Based on a Manga','Violence','OVA',4,'TRUE','Unknown',1999,1999,'Unknown','Studio DEEN','https://www.anime-planet.com/anime/rurouni-kenshin-tsuiokuhen');
INSERT INTO Anime (AnimePlanetID, Name, AlternativeName, RatingScore, NumberVotes, Tags, ContentWarning, Type, Episodes, Finished, Duration, StartYear, EndYear, Season, Studios, Url) VALUES (53,'DNA²','DNA²: Dokoka de Nakushita Aitsu no Aitsu',3.167,4656,'Comedy, Romance, Sci Fi, Shounen, Time Travel, Based on a Manga','Unknown','TV',12,'TRUE','Unknown',1994,1994,'Unknown','MADHOUSE, Studio DEEN','https://www.anime-planet.com/anime/dna');
INSERT INTO Anime (AnimePlanetID, Name, AlternativeName, RatingScore, NumberVotes, Tags, ContentWarning, Type, Episodes, Finished, Duration, StartYear, EndYear, Season, Studios, Url) VALUES (54,'InuYasha','Unknown',3.973,48429,'Fantasy, Shounen, Animal Characteristics, Demons, Feudal Japan, Non-Human Protagonists, Person in a Strange World, Time Travel, Tsundere, Based on a Manga','Violence','TV',167,'TRUE','Unknown',2000,2004,'Fall 2000','Sunrise','https://www.anime-planet.com/anime/inuyasha');
INSERT INTO Anime (AnimePlanetID, Name, AlternativeName, RatingScore, NumberVotes, Tags, ContentWarning, Type, Episodes, Finished, Duration, StartYear, EndYear, Season, Studios, Url) VALUES (55,'Hunter x Hunter','Unknown',4.384,25722,'Action, Adventure, Fantasy, Shounen, Martial Arts, Superpowers, Based on a Manga','Violence','TV',62,'TRUE','Unknown',1999,2001,'Fall 1999','Nippon Animation','https://www.anime-planet.com/anime/hunter-x-hunter');
INSERT INTO Anime (AnimePlanetID, Name, AlternativeName, RatingScore, NumberVotes, Tags, ContentWarning, Type, Episodes, Finished, Duration, StartYear, EndYear, Season, Studios, Url) VALUES (56,'Rurouni Kenshin: Seisouhen','Samurai X: Reflection',4.317,11827,'Drama, Romance, 19th Century, Adult Couples, Mature Romance, Melancholy, Samurai, Swordplay, Based on a Manga','Unknown','OVA',2,'TRUE','Unknown',2001,2001,'Unknown','Studio DEEN','https://www.anime-planet.com/anime/rurouni-kenshin-seisouhen');
INSERT INTO Anime (AnimePlanetID, Name, AlternativeName, RatingScore, NumberVotes, Tags, ContentWarning, Type, Episodes, Finished, Duration, StartYear, EndYear, Season, Studios, Url) VALUES (57,'Pita-Ten','Unknown',3.264,2249,'Comedy, Fantasy, Shoujo, Angels, Demons, Interspecies Relationship, Non-Human Protagonists, Based on a Manga','Unknown','TV',26,'TRUE','Unknown',2002,2002,'Spring 2002','MADHOUSE','https://www.anime-planet.com/anime/pita-ten');
INSERT INTO Anime (AnimePlanetID, Name, AlternativeName, RatingScore, NumberVotes, Tags, ContentWarning, Type, Episodes, Finished, Duration, StartYear, EndYear, Season, Studios, Url) VALUES (58,'Iria: Zeiram The Animation','Unknown',3.661,1889,'Action, Sci Fi, Bounty Hunters, Based on a Movie','Unknown','OVA',6,'TRUE','29',1994,1994,'Unknown','Ashi Productions','https://www.anime-planet.com/anime/iria-zeiram-the-animation');
INSERT INTO Anime (AnimePlanetID, Name, AlternativeName, RatingScore, NumberVotes, Tags, ContentWarning, Type, Episodes, Finished, Duration, StartYear, EndYear, Season, Studios, Url) VALUES (59,'Knight Hunters','Weiss Kreuz',2.965,1908,'Action, Drama, Assassins','Unknown','TV',25,'TRUE','Unknown',1998,1998,'Spring 1998','Magic Bus, Plum','https://www.anime-planet.com/anime/knight-hunters');
INSERT INTO Anime (AnimePlanetID, Name, AlternativeName, RatingScore, NumberVotes, Tags, ContentWarning, Type, Episodes, Finished, Duration, StartYear, EndYear, Season, Studios, Url) VALUES (60,'Great Teacher Onizuka','Unknown',4.521,30416,'Comedy, Drama, Shounen, Delinquents, School Life, Slapstick, Teaching, Work Life, Based on a Manga','Bullying, Emotional Abuse','TV',43,'TRUE','Unknown',1999,2000,'Summer 1999','Pierrot','https://www.anime-planet.com/anime/great-teacher-onizuka');
INSERT INTO Anime (AnimePlanetID, Name, AlternativeName, RatingScore, NumberVotes, Tags, ContentWarning, Type, Episodes, Finished, Duration, StartYear, EndYear, Season, Studios, Url) VALUES (61,'Berserk','Kenpuu Denki Berserk',4.348,28759,'Action, Fantasy, Seinen, Dark Fantasy, Demons, Medieval, Mercenaries, Overpowered Main Characters, Swordplay, Based on a Manga','Explicit Sex, Explicit Violence, Mature Themes, Physical Abuse, Sexual Abuse','TV',25,'TRUE','Unknown',1997,1998,'Fall 1997','OLM','https://www.anime-planet.com/anime/berserk');
INSERT INTO Anime (AnimePlanetID, Name, AlternativeName, RatingScore, NumberVotes, Tags, ContentWarning, Type, Episodes, Finished, Duration, StartYear, EndYear, Season, Studios, Url) VALUES (62,'Hunter x Hunter OVA','Unknown',4.393,10415,'Action, Adventure, Shounen, Martial Arts, Superpowers, Based on a Manga','Violence','OVA',8,'TRUE','Unknown',2002,2002,'Unknown','Nippon Animation','https://www.anime-planet.com/anime/hunter-x-hunter-ova');
INSERT INTO Anime (AnimePlanetID, Name, AlternativeName, RatingScore, NumberVotes, Tags, ContentWarning, Type, Episodes, Finished, Duration, StartYear, EndYear, Season, Studios, Url) VALUES (63,'Hunter x Hunter OVA 2: Greed Island','Unknown',4.39,10655,'Action, Adventure, Shounen, Island, Martial Arts, Superpowers, Based on a Manga','Unknown','OVA',8,'TRUE','Unknown',2003,2003,'Unknown','Nippon Animation','https://www.anime-planet.com/anime/hunter-x-hunter-ova-2-greed-island');
INSERT INTO Anime (AnimePlanetID, Name, AlternativeName, RatingScore, NumberVotes, Tags, ContentWarning, Type, Episodes, Finished, Duration, StartYear, EndYear, Season, Studios, Url) VALUES (64,'Outlaw Star','Seihou Bukyou Outlaw Star',4.22,14613,'Action, Adventure, Comedy, Sci Fi, Seinen, Mercenaries, Outer Space, Based on a Manga','Nudity','TV',26,'TRUE','Unknown',1998,1998,'Winter 1998','Sunrise','https://www.anime-planet.com/anime/outlaw-star');
INSERT INTO Anime (AnimePlanetID, Name, AlternativeName, RatingScore, NumberVotes, Tags, ContentWarning, Type, Episodes, Finished, Duration, StartYear, EndYear, Season, Studios, Url) VALUES (65,'X TV','Unknown',3.722,8084,'Action, Mystery, Shoujo, Magic, Supernatural, Superpowers, Based on a Manga','Unknown','TV',24,'TRUE','Unknown',2001,2002,'Fall 2001','MADHOUSE','https://www.anime-planet.com/anime/x-tv');
INSERT INTO Anime (AnimePlanetID, Name, AlternativeName, RatingScore, NumberVotes, Tags, ContentWarning, Type, Episodes, Finished, Duration, StartYear, EndYear, Season, Studios, Url) VALUES (66,'Chobits','Unknown',3.914,41862,'Drama, Romance, Sci Fi, Androids, Interspecies Relationship, Non-Human Protagonists, Robots, Sudden Girlfriend Appearance, Based on a Manga','Unknown','TV',26,'TRUE','Unknown',2002,2002,'Spring 2002','MADHOUSE','https://www.anime-planet.com/anime/chobits');
INSERT INTO Anime (AnimePlanetID, Name, AlternativeName, RatingScore, NumberVotes, Tags, ContentWarning, Type, Episodes, Finished, Duration, StartYear, EndYear, Season, Studios, Url) VALUES (67,'Battle Angel Alita','Gunnm',3.701,5480,'Sci Fi, Seinen, Androids, Bounty Hunters, Cyberpunk, Post-apocalyptic, Robots, Based on a Manga','Explicit Violence, Nudity','OVA',2,'TRUE','29',1993,1993,'Unknown','MADHOUSE','https://www.anime-planet.com/anime/battle-angel-alita');
INSERT INTO Anime (AnimePlanetID, Name, AlternativeName, RatingScore, NumberVotes, Tags, ContentWarning, Type, Episodes, Finished, Duration, StartYear, EndYear, Season, Studios, Url) VALUES (68,'3x3 Eyes','Unknown',3.321,4251,'Action, Fantasy, Seinen, Demons, Magic, Based on a Manga','Explicit Violence','OVA',4,'TRUE','30',1991,1992,'Unknown','Toei Animation','https://www.anime-planet.com/anime/3x3-eyes');
INSERT INTO Anime (AnimePlanetID, Name, AlternativeName, RatingScore, NumberVotes, Tags, ContentWarning, Type, Episodes, Finished, Duration, StartYear, EndYear, Season, Studios, Url) VALUES (69,'Slayers','Unknown',4.064,11383,'Adventure, Comedy, Fantasy, Magic, Medieval, Based on a Light Novel','Unknown','TV',26,'TRUE','Unknown',1995,1995,'Spring 1995','E&G Films','https://www.anime-planet.com/anime/slayers');
INSERT INTO Anime (AnimePlanetID, Name, AlternativeName, RatingScore, NumberVotes, Tags, ContentWarning, Type, Episodes, Finished, Duration, StartYear, EndYear, Season, Studios, Url) VALUES (70,'Hellsing','Unknown',4.098,46703,'Action, Horror, Seinen, Conspiracy, England, Europe, Guns, Master-Servant Relationship, Non-Human Protagonists, Overpowered Main Characters, Supernatural, Vampires, Based on a Manga','Mature Themes, Sexual Content, Suicide, Violence','TV',13,'TRUE','Unknown',2001,2002,'Fall 2001','GONZO','https://www.anime-planet.com/anime/hellsing');
INSERT INTO Anime (AnimePlanetID, Name, AlternativeName, RatingScore, NumberVotes, Tags, ContentWarning, Type, Episodes, Finished, Duration, StartYear, EndYear, Season, Studios, Url) VALUES (71,'Those Who Hunt Elves','Elf wo Karu Monotachi',3.469,2828,'Action, Adventure, Comedy, Fantasy, Elves, Isekai, Non-Human Protagonists, Person in a Strange World, Based on a Manga','Unknown','TV',12,'TRUE','Unknown',1996,1996,'Unknown','Group TAC','https://www.anime-planet.com/anime/those-who-hunt-elves');
INSERT INTO Anime (AnimePlanetID, Name, AlternativeName, RatingScore, NumberVotes, Tags, ContentWarning, Type, Episodes, Finished, Duration, StartYear, EndYear, Season, Studios, Url) VALUES (72,'Geneshaft','Unknown',2.854,1798,'Adventure, Mecha, Sci Fi, Aliens, Human Experimentation, Outer Space, Original Work','Unknown','TV',13,'TRUE','Unknown',2001,2001,'Spring 2001','SATELIGHT, Studio Gazelle','https://www.anime-planet.com/anime/geneshaft');
INSERT INTO Anime (AnimePlanetID, Name, AlternativeName, RatingScore, NumberVotes, Tags, ContentWarning, Type, Episodes, Finished, Duration, StartYear, EndYear, Season, Studios, Url) VALUES (73,'Trigun','Unknown',4.379,42750,'Action, Adventure, Comedy, Drama, Shounen, Desert, Episodic, Guns, Overpowered Main Characters, Western, Based on a Manga','Violence','TV',26,'TRUE','Unknown',1998,1998,'Spring 1998','MADHOUSE','https://www.anime-planet.com/anime/trigun');
INSERT INTO Anime (AnimePlanetID, Name, AlternativeName, RatingScore, NumberVotes, Tags, ContentWarning, Type, Episodes, Finished, Duration, StartYear, EndYear, Season, Studios, Url) VALUES (74,'One Piece','Unknown',4.426,70242,'Action, Adventure, Comedy, Fantasy, Shounen, Pirates, Superpowers, Based on a Manga','Unknown','TV',976,'FALSE','Unknown',1999,NULL,'Fall 1999','Toei Animation','https://www.anime-planet.com/anime/one-piece');
INSERT INTO Anime (AnimePlanetID, Name, AlternativeName, RatingScore, NumberVotes, Tags, ContentWarning, Type, Episodes, Finished, Duration, StartYear, EndYear, Season, Studios, Url) VALUES (75,'Excel Saga','Heppoko Jikken Animation Excel Saga',3.675,12384,'Action, Comedy, Sci Fi, Seinen, Breaking the Fourth Wall, Gag, Parody, Slapstick, Based on a Manga','Violence','TV',26,'TRUE','Unknown',1999,2000,'Fall 1999','J.C.Staff','https://www.anime-planet.com/anime/excel-saga');
INSERT INTO Anime (AnimePlanetID, Name, AlternativeName, RatingScore, NumberVotes, Tags, ContentWarning, Type, Episodes, Finished, Duration, StartYear, EndYear, Season, Studios, Url) VALUES (76,'Dragon Drive','Unknown',3.23,2895,'Action, Adventure, Comedy, Dragons','Unknown','TV',38,'TRUE','Unknown',2002,2003,'Summer 2002','MADHOUSE','https://www.anime-planet.com/anime/dragon-drive');
INSERT INTO Anime (AnimePlanetID, Name, AlternativeName, RatingScore, NumberVotes, Tags, ContentWarning, Type, Episodes, Finished, Duration, StartYear, EndYear, Season, Studios, Url) VALUES (77,'You''re Under Arrest!','Taiho Shichau zo',3.825,2171,'Action, Comedy, Drama, Seinen, Coworkers, Police, Work Life, Based on a Manga','Unknown','TV',47,'TRUE','Unknown',1996,1997,'Unknown','Studio DEEN','https://www.anime-planet.com/anime/youre-under-arrest');
INSERT INTO Anime (AnimePlanetID, Name, AlternativeName, RatingScore, NumberVotes, Tags, ContentWarning, Type, Episodes, Finished, Duration, StartYear, EndYear, Season, Studios, Url) VALUES (78,'Star Blazers: The Quest for Iscandar','Alt titles: Space Battleship Yamato: The Quest for Iscandar, Uchuu Senkan Yamato',3.756,873,'Adventure, Sci Fi, Aliens, Leijiverse, Military, Outer Space, Space Opera, War, Original Work','Unknown','TV',26,'TRUE','Unknown',1974,1975,'Unknown','Group TAC','https://www.anime-planet.com/anime/star-blazers-the-quest-for-iscandar');
INSERT INTO Anime (AnimePlanetID, Name, AlternativeName, RatingScore, NumberVotes, Tags, ContentWarning, Type, Episodes, Finished, Duration, StartYear, EndYear, Season, Studios, Url) VALUES (79,'Platonic Chain','Unknown',2.123,188,'Drama, Sci Fi, Hacking, Short Episodes, Social Media, CG Animation, Original Work','Unknown','TV',24,'TRUE','6',2002,2003,'Fall 2002','Unknown','https://www.anime-planet.com/anime/platonic-chain');
INSERT INTO Anime (AnimePlanetID, Name, AlternativeName, RatingScore, NumberVotes, Tags, ContentWarning, Type, Episodes, Finished, Duration, StartYear, EndYear, Season, Studios, Url) VALUES (80,'Ebichu','Oruchuban Ebichu',3.585,3267,'Comedy, Seinen, Animal Protagonists, Crude, Hamsters, Non-Human Protagonists, Pets, Based on a Manga','Mature Themes, Nudity, Sexual Content','TV',24,'TRUE','Unknown',1999,1999,'Summer 1999','GAINAX','https://www.anime-planet.com/anime/ebichu');
INSERT INTO Anime (AnimePlanetID, Name, AlternativeName, RatingScore, NumberVotes, Tags, ContentWarning, Type, Episodes, Finished, Duration, StartYear, EndYear, Season, Studios, Url) VALUES (81,'Orphen','Majutsushi Orphen',3.573,3819,'Action, Fantasy, Dragons, Magic, Based on a Light Novel','Unknown','TV',24,'TRUE','Unknown',1998,1999,'Fall 1998','J.C.Staff','https://www.anime-planet.com/anime/orphen');
INSERT INTO Anime (AnimePlanetID, Name, AlternativeName, RatingScore, NumberVotes, Tags, ContentWarning, Type, Episodes, Finished, Duration, StartYear, EndYear, Season, Studios, Url) VALUES (82,'Air Master','Unknown',3.169,4300,'Action, Ecchi, Shounen, Panty Shots, Based on a Manga','Unknown','TV',27,'TRUE','Unknown',2003,2004,'Spring 2003','Toei Animation','https://www.anime-planet.com/anime/air-master');
INSERT INTO Anime (AnimePlanetID, Name, AlternativeName, RatingScore, NumberVotes, Tags, ContentWarning, Type, Episodes, Finished, Duration, StartYear, EndYear, Season, Studios, Url) VALUES (83,'Wolf''s Rain','Unknown',4.04,23358,'Adventure, Fantasy, Mystery, Animal Protagonists, Dystopia, Non-Human Protagonists, Post-apocalyptic, Original Work','Violence','TV',26,'TRUE','Unknown',2003,2003,'Winter 2003','Bones','https://www.anime-planet.com/anime/wolfs-rain');
INSERT INTO Anime (AnimePlanetID, Name, AlternativeName, RatingScore, NumberVotes, Tags, ContentWarning, Type, Episodes, Finished, Duration, StartYear, EndYear, Season, Studios, Url) VALUES (84,'Ah! My Goddess','Ah! Megami-sama',3.784,14311,'Comedy, Fantasy, Romance, Seinen, Contemporary Fantasy, God-Human Relationship, Gods, Interspecies Relationship, Magic, Non-Human Protagonists, Sudden Girlfriend Appearance, Based on a Manga','Unknown','OVA',5,'TRUE','Unknown',1993,1994,'Unknown','AIC','https://www.anime-planet.com/anime/ah-my-goddess');
INSERT INTO Anime (AnimePlanetID, Name, AlternativeName, RatingScore, NumberVotes, Tags, ContentWarning, Type, Episodes, Finished, Duration, StartYear, EndYear, Season, Studios, Url) VALUES (85,'Saber Marionette J','Unknown',3.623,2848,'Action, Comedy, Harem, Sci Fi, Androids, Non-Human Protagonists, Robots','Unknown','TV',25,'TRUE','Unknown',1996,1997,'Unknown','Hal Film Maker','https://www.anime-planet.com/anime/saber-marionette-j');
INSERT INTO Anime (AnimePlanetID, Name, AlternativeName, RatingScore, NumberVotes, Tags, ContentWarning, Type, Episodes, Finished, Duration, StartYear, EndYear, Season, Studios, Url) VALUES (86,'Slayers Next','Unknown',4.304,6302,'Adventure, Comedy, Fantasy, Magic, Medieval, Based on a Light Novel','Unknown','TV',26,'TRUE','Unknown',1996,1996,'Unknown','E&G Films','https://www.anime-planet.com/anime/slayers-next');
INSERT INTO Anime (AnimePlanetID, Name, AlternativeName, RatingScore, NumberVotes, Tags, ContentWarning, Type, Episodes, Finished, Duration, StartYear, EndYear, Season, Studios, Url) VALUES (87,'Record of Lodoss War: Chronicles of the Heroic Knight','Lodoss-tou Senki: Eiyuu Kishi Den',3.692,3808,'Action, Adventure, Fantasy, Island, Magic, Medieval, Swordplay','Unknown','TV',27,'TRUE','Unknown',1998,1998,'Spring 1998','AIC','https://www.anime-planet.com/anime/record-of-lodoss-war-chronicles-of-the-heroic-knight');
INSERT INTO Anime (AnimePlanetID, Name, AlternativeName, RatingScore, NumberVotes, Tags, ContentWarning, Type, Episodes, Finished, Duration, StartYear, EndYear, Season, Studios, Url) VALUES (88,'Record of Lodoss War','Lodoss-tou Senki',3.917,4519,'Action, Adventure, Fantasy, Magic, Medieval, Swordplay, Based on a Novel','Unknown','OVA',13,'TRUE','Unknown',1990,1990,'Unknown','MADHOUSE','https://www.anime-planet.com/anime/record-of-lodoss-war');
INSERT INTO Anime (AnimePlanetID, Name, AlternativeName, RatingScore, NumberVotes, Tags, ContentWarning, Type, Episodes, Finished, Duration, StartYear, EndYear, Season, Studios, Url) VALUES (89,'Crest of the Stars','Seikai no Monshou',4.089,4430,'Sci Fi, Nobility, Outer Space, Space Opera, War, Based on a Novel','Unknown','TV',13,'TRUE','Unknown',1999,1999,'Winter 1999','Sunrise','https://www.anime-planet.com/anime/crest-of-the-stars');
INSERT INTO Anime (AnimePlanetID, Name, AlternativeName, RatingScore, NumberVotes, Tags, ContentWarning, Type, Episodes, Finished, Duration, StartYear, EndYear, Season, Studios, Url) VALUES (90,'Princess Tutu','Unknown',4.155,9057,'Drama, Fantasy, Magical Girl, Romance, Animal Transformation, Ballet Dancing, Boarding School, Classical Music, Dancing, Henshin Heroes, Magic, Music, Non-Human Protagonists, Royalty, Star-Crossed Lovers, Original Work','Unknown','TV',26,'TRUE','Unknown',2002,2003,'Summer 2002','Hal Film Maker','https://www.anime-planet.com/anime/princess-tutu');
INSERT INTO Anime (AnimePlanetID, Name, AlternativeName, RatingScore, NumberVotes, Tags, ContentWarning, Type, Episodes, Finished, Duration, StartYear, EndYear, Season, Studios, Url) VALUES (91,'Mao-chan','Rikujou Bouei-tai Mao-chan',2.465,393,'Comedy, Magical Girl, Aliens, Family Friendly, Henshin Heroes, Magic, Military, Monster-of-the-week, Parody, School Life','Unknown','TV',26,'TRUE','Unknown',2002,2002,'Summer 2002','XEBEC','https://www.anime-planet.com/anime/mao-chan');
INSERT INTO Anime (AnimePlanetID, Name, AlternativeName, RatingScore, NumberVotes, Tags, ContentWarning, Type, Episodes, Finished, Duration, StartYear, EndYear, Season, Studios, Url) VALUES (92,'Saikano','Saishuu Heiki Kanojo',3.61,7528,'Drama, Romance, Seinen, Cyborgs, Human Experimentation, Melancholy, War, Based on a Manga','Unknown','TV',13,'TRUE','Unknown',2002,2002,'Summer 2002','GONZO','https://www.anime-planet.com/anime/saikano');
INSERT INTO Anime (AnimePlanetID, Name, AlternativeName, RatingScore, NumberVotes, Tags, ContentWarning, Type, Episodes, Finished, Duration, StartYear, EndYear, Season, Studios, Url) VALUES (93,'Spirited Away','Sen to Chihiro no Kamikakushi',4.59,97786,'Adventure, Fantasy, Curse, Family Friendly, Japanese Mythology, Magic, Person in a Strange World, Youkai, Original Work','Unknown','Movie',1,'TRUE','125',2001,2001,'Unknown','Studio Ghibli','https://www.anime-planet.com/anime/spirited-away');
INSERT INTO Anime (AnimePlanetID, Name, AlternativeName, RatingScore, NumberVotes, Tags, ContentWarning, Type, Episodes, Finished, Duration, StartYear, EndYear, Season, Studios, Url) VALUES (94,'Laputa: Castle in the Sky','Tenkuu no Shiro Laputa',4.366,32550,'Adventure, Fantasy, Family Friendly, Original Work','Unknown','Movie',1,'TRUE','125',1986,1986,'Unknown','Studio Ghibli','https://www.anime-planet.com/anime/laputa-castle-in-the-sky');
INSERT INTO Anime (AnimePlanetID, Name, AlternativeName, RatingScore, NumberVotes, Tags, ContentWarning, Type, Episodes, Finished, Duration, StartYear, EndYear, Season, Studios, Url) VALUES (95,'Kiki''s Delivery Service','Majo no Takkyuubin',4.352,35818,'Fantasy, Slice of Life, Apprenticeship, Europe, Family Friendly, Lifestyle Change, Magic, Witches, Based on a Novel','Unknown','Movie',1,'TRUE','103',1989,1989,'Unknown','Studio Ghibli','https://www.anime-planet.com/anime/kikis-delivery-service');
INSERT INTO Anime (AnimePlanetID, Name, AlternativeName, RatingScore, NumberVotes, Tags, ContentWarning, Type, Episodes, Finished, Duration, StartYear, EndYear, Season, Studios, Url) VALUES (96,'Fushigi Yugi: The Mysterious Play','Unknown',3.868,9506,'Adventure, Fantasy, Reverse Harem, Romance, Shoujo, Isekai, Love Triangle, Magic, Person in a Strange World, Prophecy, Summoned Into Another World, Based on a Manga','Unknown','TV',52,'TRUE','Unknown',1995,1996,'Unknown','Pierrot','https://www.anime-planet.com/anime/fushigi-yugi-the-mysterious-play');
INSERT INTO Anime (AnimePlanetID, Name, AlternativeName, RatingScore, NumberVotes, Tags, ContentWarning, Type, Episodes, Finished, Duration, StartYear, EndYear, Season, Studios, Url) VALUES (97,'El-Hazard: The Magnificent World','El Hazard: The Magnificent World',3.834,2235,'Fantasy, Isekai, Person in a Strange World, Original Work','Unknown','OVA',7,'TRUE','Unknown',1995,1996,'Unknown','AIC','https://www.anime-planet.com/anime/el-hazard-the-magnificent-world');
INSERT INTO Anime (AnimePlanetID, Name, AlternativeName, RatingScore, NumberVotes, Tags, ContentWarning, Type, Episodes, Finished, Duration, StartYear, EndYear, Season, Studios, Url) VALUES (98,'Witch Hunter Robin','Unknown',3.703,12963,'Fantasy, Noir, Psychic Powers, Supernatural, Superpowers, Urban Fantasy, Original Work','Unknown','TV',26,'TRUE','Unknown',2002,2002,'Summer 2002','Sunrise','https://www.anime-planet.com/anime/witch-hunter-robin');
INSERT INTO Anime (AnimePlanetID, Name, AlternativeName, RatingScore, NumberVotes, Tags, ContentWarning, Type, Episodes, Finished, Duration, StartYear, EndYear, Season, Studios, Url) VALUES (99,'Dragon Ball','Unknown',4.172,53337,'Action, Adventure, Comedy, Shounen, Journey to the West, Martial Arts, Overpowered Main Characters, Based on a Manga','Nudity','TV',153,'TRUE','Unknown',1986,1989,'Unknown','Toei Animation','https://www.anime-planet.com/anime/dragon-ball');
INSERT INTO Anime (AnimePlanetID, Name, AlternativeName, RatingScore, NumberVotes, Tags, ContentWarning, Type, Episodes, Finished, Duration, StartYear, EndYear, Season, Studios, Url) VALUES (100,'Neon Genesis Evangelion','Shinseiki Evangelion',4.248,54463,'Drama, Mecha, Sci Fi, Conspiracy, Kaijuu, Loneliness, Melancholy, Military, Monsters, Post-apocalyptic, Psychological, Super Robot, Original Work','Emotional Abuse, Explicit Violence, Mature Themes, Suicide','TV',26,'TRUE','Unknown',1995,1996,'Fall 1995','GAINAX, Tatsunoko Production','https://www.anime-planet.com/anime/neon-genesis-evangelion');
INSERT INTO Anime (AnimePlanetID, Name, AlternativeName, RatingScore, NumberVotes, Tags, ContentWarning, Type, Episodes, Finished, Duration, StartYear, EndYear, Season, Studios, Url) VALUES (101,'Neon Genesis Evangelion: The End of Evangelion','Shinseiki Evangelion: The End of Evangelion',4.259,28084,'Mecha, Military, Post-apocalyptic, Psychological, Super Robot, Original Work','Nudity, Sexual Content, Violence','Movie',1,'TRUE','87',1997,1997,'Unknown','GAINAX, Production I.G','https://www.anime-planet.com/anime/neon-genesis-evangelion-the-end-of-evangelion');
INSERT INTO Anime (AnimePlanetID, Name, AlternativeName, RatingScore, NumberVotes, Tags, ContentWarning, Type, Episodes, Finished, Duration, StartYear, EndYear, Season, Studios, Url) VALUES (102,'Last Exile','Unknown',4.161,14810,'Adventure, Fantasy, Sci Fi, Aviation, Military, Steampunk, Original Work','Unknown','TV',26,'TRUE','Unknown',2003,2003,'Spring 2003','GONZO','https://www.anime-planet.com/anime/last-exile');
INSERT INTO Anime (AnimePlanetID, Name, AlternativeName, RatingScore, NumberVotes, Tags, ContentWarning, Type, Episodes, Finished, Duration, StartYear, EndYear, Season, Studios, Url) VALUES (103,'Spriggan','Striker',3.376,3516,'Action, Sci Fi, Shounen, Psychic Powers, Superpowers, Based on a Manga','Unknown','Movie',1,'TRUE','91',1998,1998,'Unknown','Studio 4°C','https://www.anime-planet.com/anime/spriggan');
INSERT INTO Anime (AnimePlanetID, Name, AlternativeName, RatingScore, NumberVotes, Tags, ContentWarning, Type, Episodes, Finished, Duration, StartYear, EndYear, Season, Studios, Url) VALUES (104,'Nightwalker: The Midnight Detective','Night Walker: Mayonaka no Tantei',3.238,1852,'Action, Detectives, Monster-of-the-week, Non-Human Protagonists, Supernatural, Vampires, Based on a Video Game','Explicit Violence, Nudity','TV',12,'TRUE','25',1998,1998,'Summer 1998','AIC','https://www.anime-planet.com/anime/nightwalker-the-midnight-detective');
INSERT INTO Anime (AnimePlanetID, Name, AlternativeName, RatingScore, NumberVotes, Tags, ContentWarning, Type, Episodes, Finished, Duration, StartYear, EndYear, Season, Studios, Url) VALUES (105,'Full Metal Panic!','Unknown',4.203,37699,'Action, Comedy, Mecha, Sci Fi, Shounen, Military, Tsundere, Based on a Light Novel','Violence','TV',24,'TRUE','Unknown',2002,2002,'Winter 2002','GONZO','https://www.anime-planet.com/anime/full-metal-panic');
INSERT INTO Anime (AnimePlanetID, Name, AlternativeName, RatingScore, NumberVotes, Tags, ContentWarning, Type, Episodes, Finished, Duration, StartYear, EndYear, Season, Studios, Url) VALUES (106,'Gunsmith Cats','Unknown',3.717,3316,'Action, Seinen, America, Bounty Hunters, Guns, Noir, Based on a Manga','Mature Themes','OVA',3,'TRUE','29',1995,1996,'Unknown','OLM','https://www.anime-planet.com/anime/gunsmith-cats');
INSERT INTO Anime (AnimePlanetID, Name, AlternativeName, RatingScore, NumberVotes, Tags, ContentWarning, Type, Episodes, Finished, Duration, StartYear, EndYear, Season, Studios, Url) VALUES (107,'Angel Sanctuary','Tenshi Kinryoku',2.764,7605,'Shoujo, Angels, Reincarnation, Siblings, Star-Crossed Lovers, Based on a Manga','Incest, Mature Themes, Violence','OVA',3,'TRUE','Unknown',2000,2000,'Unknown','Hal Film Maker','https://www.anime-planet.com/anime/angel-sanctuary');
INSERT INTO Anime (AnimePlanetID, Name, AlternativeName, RatingScore, NumberVotes, Tags, ContentWarning, Type, Episodes, Finished, Duration, StartYear, EndYear, Season, Studios, Url) VALUES (108,'The Vision of Escaflowne','Tenkuu no Escaflowne',3.972,16472,'Action, Fantasy, Mecha, Romance, Shoujo, Isekai, Love Triangle, Person in a Strange World, Original Work','Unknown','TV',26,'TRUE','Unknown',1996,1996,'Spring 1996','Sunrise','https://www.anime-planet.com/anime/the-vision-of-escaflowne');
INSERT INTO Anime (AnimePlanetID, Name, AlternativeName, RatingScore, NumberVotes, Tags, ContentWarning, Type, Episodes, Finished, Duration, StartYear, EndYear, Season, Studios, Url) VALUES (109,'Mouse','Unknown',2.582,2553,'Ecchi, Harem, Maids, Thieves, Based on a Manga','Nudity, Sexual Content','TV',12,'TRUE','14',2003,2003,'Winter 2003','Studio DEEN','https://www.anime-planet.com/anime/mouse');
INSERT INTO Anime (AnimePlanetID, Name, AlternativeName, RatingScore, NumberVotes, Tags, ContentWarning, Type, Episodes, Finished, Duration, StartYear, EndYear, Season, Studios, Url) VALUES (110,'Kodocha','Alt titles: Child''s Toy, Kodomo no Omocha',4.105,4824,'Comedy, Drama, Romance, Shoujo, Slice of Life, Acting, Idols, Opposites Attract, School Life, Showbiz, Based on a Manga','Unknown','TV',102,'TRUE','Unknown',1996,1998,'Unknown','Gallop','https://www.anime-planet.com/anime/kodocha');
INSERT INTO Anime (AnimePlanetID, Name, AlternativeName, RatingScore, NumberVotes, Tags, ContentWarning, Type, Episodes, Finished, Duration, StartYear, EndYear, Season, Studios, Url) VALUES (111,'Martian Successor Nadesico','Kidou Senkan Nadesico',3.897,4992,'Action, Comedy, Drama, Harem, Mecha, Romance, Sci Fi, Outer Space, Original Work','Unknown','TV',26,'TRUE','Unknown',1996,1997,'Unknown','XEBEC','https://www.anime-planet.com/anime/martian-successor-nadesico');
INSERT INTO Anime (AnimePlanetID, Name, AlternativeName, RatingScore, NumberVotes, Tags, ContentWarning, Type, Episodes, Finished, Duration, StartYear, EndYear, Season, Studios, Url) VALUES (112,'Banner of the Stars','Seikai no Senki',4.066,3807,'Sci Fi, Military, Outer Space, Space Opera, War, Based on a Novel','Unknown','TV',13,'TRUE','Unknown',2000,2000,'Spring 2000','Sunrise','https://www.anime-planet.com/anime/banner-of-the-stars');
INSERT INTO Anime (AnimePlanetID, Name, AlternativeName, RatingScore, NumberVotes, Tags, ContentWarning, Type, Episodes, Finished, Duration, StartYear, EndYear, Season, Studios, Url) VALUES (113,'Twilight of the Dark Master','Shihaisha no Tasogare',2.438,894,'Action, Drama, Horror, Sci Fi, Shoujo, Demons, Supernatural, Based on a Manga','Explicit Violence, Nudity','OVA',1,'TRUE','50',1997,1997,'Unknown','MADHOUSE','https://www.anime-planet.com/anime/twilight-of-the-dark-master');
INSERT INTO Anime (AnimePlanetID, Name, AlternativeName, RatingScore, NumberVotes, Tags, ContentWarning, Type, Episodes, Finished, Duration, StartYear, EndYear, Season, Studios, Url) VALUES (114,'Rave Master','Groove Adventure Rave',3.456,8685,'Action, Adventure, Comedy, Fantasy, Shounen, Swordplay, Based on a Manga','Unknown','TV',51,'TRUE','Unknown',2001,2002,'Fall 2001','Studio DEEN','https://www.anime-planet.com/anime/rave-master');
INSERT INTO Anime (AnimePlanetID, Name, AlternativeName, RatingScore, NumberVotes, Tags, ContentWarning, Type, Episodes, Finished, Duration, StartYear, EndYear, Season, Studios, Url) VALUES (115,'Banner of the Stars II','Seikai no Senki II',4.176,3010,'Sci Fi, Outer Space, Political, Space Opera, War, Based on a Novel','Unknown','TV',10,'TRUE','Unknown',2001,2001,'Summer 2001','Sunrise','https://www.anime-planet.com/anime/banner-of-the-stars-ii');
INSERT INTO Anime (AnimePlanetID, Name, AlternativeName, RatingScore, NumberVotes, Tags, ContentWarning, Type, Episodes, Finished, Duration, StartYear, EndYear, Season, Studios, Url) VALUES (117,'Gunparade March','Gunparade March: Arata Naru Kougunka',3.416,2070,'Mecha, Romance, Sci Fi, Aliens, Insects, Real Robot, Based on a Video Game','Unknown','TV',12,'TRUE','Unknown',2003,2003,'Winter 2003','J.C.Staff','https://www.anime-planet.com/anime/gunparade-march');
INSERT INTO Anime (AnimePlanetID, Name, AlternativeName, RatingScore, NumberVotes, Tags, ContentWarning, Type, Episodes, Finished, Duration, StartYear, EndYear, Season, Studios, Url) VALUES (118,'Scrapped Princess','Unknown',3.891,10010,'Action, Adventure, Fantasy, Magic, Medieval, Prophecy, Royalty, Siblings, Swordplay, Based on a Light Novel','Unknown','TV',24,'TRUE','Unknown',2003,2003,'Spring 2003','Bones','https://www.anime-planet.com/anime/scrapped-princess');
INSERT INTO Anime (AnimePlanetID, Name, AlternativeName, RatingScore, NumberVotes, Tags, ContentWarning, Type, Episodes, Finished, Duration, StartYear, EndYear, Season, Studios, Url) VALUES (119,'Ghost in the Shell','Koukaku Kidoutai',4.323,33254,'Action, Sci Fi, Cyberpunk, Cyborgs, Hacking, Noir, Police, Based on a Manga','Nudity, Violence','Movie',1,'TRUE','83',1995,1995,'Unknown','Production I.G','https://www.anime-planet.com/anime/ghost-in-the-shell');
INSERT INTO Anime (AnimePlanetID, Name, AlternativeName, RatingScore, NumberVotes, Tags, ContentWarning, Type, Episodes, Finished, Duration, StartYear, EndYear, Season, Studios, Url) VALUES (120,'Iketeru Futari','Unknown',3.103,2191,'Comedy, Ecchi, Seinen, Panty Shots, Short Episodes, Based on a Manga','Nudity, Sexual Content','TV',16,'TRUE','5',1999,1999,'Winter 1999','J.C.Staff','https://www.anime-planet.com/anime/iketeru-futari');
INSERT INTO Anime (AnimePlanetID, Name, AlternativeName, RatingScore, NumberVotes, Tags, ContentWarning, Type, Episodes, Finished, Duration, StartYear, EndYear, Season, Studios, Url) VALUES (121,'His and Her Circumstances','Alt titles: Kare Kano, Kareshi Kanojo no Jijou',3.9,12309,'Comedy, Drama, Romance, Shoujo, Rivalries, School Life, Based on a Manga','Unknown','TV',26,'TRUE','Unknown',1998,1999,'Fall 1998','GAINAX, J.C.Staff','https://www.anime-planet.com/anime/his-and-her-circumstances');
INSERT INTO Anime (AnimePlanetID, Name, AlternativeName, RatingScore, NumberVotes, Tags, ContentWarning, Type, Episodes, Finished, Duration, StartYear, EndYear, Season, Studios, Url) VALUES (122,'.hack//Legend Of The Twilight','.hack//Tasogare no Udewa Densetsu',3.3,8139,'Sci Fi, MMORPG, RPG, Siblings, Virtual Reality','Unknown','TV',12,'TRUE','Unknown',2003,2003,'Winter 2003','BEE TRAIN','https://www.anime-planet.com/anime/hack-legend-of-the-twilight');
INSERT INTO Anime (AnimePlanetID, Name, AlternativeName, RatingScore, NumberVotes, Tags, ContentWarning, Type, Episodes, Finished, Duration, StartYear, EndYear, Season, Studios, Url) VALUES (123,'Neo Ranga','Unknown',2.753,742,'Action, Mecha, Sci Fi, Gods, Kaijuu, Military, Monsters, Orphans, Siblings, Original Work','Violence','TV',48,'TRUE','15',1998,1998,'Spring 1998','Pierrot','https://www.anime-planet.com/anime/neo-ranga');
INSERT INTO Anime (AnimePlanetID, Name, AlternativeName, RatingScore, NumberVotes, Tags, ContentWarning, Type, Episodes, Finished, Duration, StartYear, EndYear, Season, Studios, Url) VALUES (124,'To Heart','Unknown',3.073,2594,'Romance, Androids, Love Triangle, Robots, School Life, Based on an Eroge, Based on a Visual Novel','Unknown','TV',13,'TRUE','Unknown',1999,1999,'Spring 1999','OLM','https://www.anime-planet.com/anime/to-heart');
INSERT INTO Anime (AnimePlanetID, Name, AlternativeName, RatingScore, NumberVotes, Tags, ContentWarning, Type, Episodes, Finished, Duration, StartYear, EndYear, Season, Studios, Url) VALUES (125,'Vandread: The Second Stage','Unknown',4.052,7858,'Comedy, Mecha, Sci Fi, Aliens, Outer Space, Original Work','Unknown','TV',13,'TRUE','Unknown',2001,2002,'Fall 2001','GONZO','https://www.anime-planet.com/anime/vandread-the-second-stage');
INSERT INTO Anime (AnimePlanetID, Name, AlternativeName, RatingScore, NumberVotes, Tags, ContentWarning, Type, Episodes, Finished, Duration, StartYear, EndYear, Season, Studios, Url) VALUES (126,'Macross Plus','Unknown',4.036,4236,'Drama, Mecha, Romance, Sci Fi, Aliens, Aviation, Idols, Love Triangle, Military, Music, Real Robot, Transforming Mecha, Original Work','Unknown','OVA',4,'TRUE','Unknown',1994,1995,'Unknown','Triangle Staff','https://www.anime-planet.com/anime/macross-plus');
INSERT INTO Anime (AnimePlanetID, Name, AlternativeName, RatingScore, NumberVotes, Tags, ContentWarning, Type, Episodes, Finished, Duration, StartYear, EndYear, Season, Studios, Url) VALUES (127,'Ninja Scroll','Juubee Ninpuuchou',3.929,15779,'Action, Feudal Japan, Ninja, Swordplay, Original Work','Explicit Violence, Nudity, Sexual Content','Movie',1,'TRUE','92',1993,1993,'Unknown','MADHOUSE','https://www.anime-planet.com/anime/ninja-scroll');
INSERT INTO Anime (AnimePlanetID, Name, AlternativeName, RatingScore, NumberVotes, Tags, ContentWarning, Type, Episodes, Finished, Duration, StartYear, EndYear, Season, Studios, Url) VALUES (128,'Boogiepop Phantom','Boogiepop wa Warawanai',3.353,5248,'Horror, Mystery, Noir, Psychological, Based on a Light Novel','Animal Abuse, Explicit Violence, Mature Themes','TV',12,'TRUE','Unknown',2000,2000,'Winter 2000','MADHOUSE','https://www.anime-planet.com/anime/boogiepop-phantom');
INSERT INTO Anime (AnimePlanetID, Name, AlternativeName, RatingScore, NumberVotes, Tags, ContentWarning, Type, Episodes, Finished, Duration, StartYear, EndYear, Season, Studios, Url) VALUES (129,'Gad Guard','Unknown',3.115,1275,'Action, Mecha, Sci Fi, Superpowers, Original Work','Unknown','TV',26,'TRUE','Unknown',2003,2003,'Spring 2003','Amber Film Works, GONZO','https://www.anime-planet.com/anime/gad-guard');
INSERT INTO Anime (AnimePlanetID, Name, AlternativeName, RatingScore, NumberVotes, Tags, ContentWarning, Type, Episodes, Finished, Duration, StartYear, EndYear, Season, Studios, Url) VALUES (130,'Azumanga Daioh','Unknown',4.149,22961,'Comedy, Shounen, Slice of Life, Episodic, Gag, Iyashikei, School Life, Based on a 4-Koma Manga, Based on a Manga','Unknown','TV',26,'TRUE','Unknown',2002,2002,'Spring 2002','J.C.Staff','https://www.anime-planet.com/anime/azumanga-daioh');
INSERT INTO Anime (AnimePlanetID, Name, AlternativeName, RatingScore, NumberVotes, Tags, ContentWarning, Type, Episodes, Finished, Duration, StartYear, EndYear, Season, Studios, Url) VALUES (131,'StarZinger','SF Saiyuuki Starzinger',3.267,286,'Adventure, Sci Fi, Journey to the West, Original Work','Unknown','TV',64,'TRUE','Unknown',1978,1979,'Unknown','Toei Animation','https://www.anime-planet.com/anime/starzinger');
INSERT INTO Anime (AnimePlanetID, Name, AlternativeName, RatingScore, NumberVotes, Tags, ContentWarning, Type, Episodes, Finished, Duration, StartYear, EndYear, Season, Studios, Url) VALUES (132,'Samurai Shodown: The Motion Picture','Samurai Spirits: Haten Gouma no Shou',1.999,472,'Action, Adventure, Feudal Japan, Reincarnation, Samurai, Based on a Video Game','Unknown','Movie',1,'TRUE','85',1994,1994,'Unknown','Studio Comet','https://www.anime-planet.com/anime/samurai-shodown-the-motion-picture');
INSERT INTO Anime (AnimePlanetID, Name, AlternativeName, RatingScore, NumberVotes, Tags, ContentWarning, Type, Episodes, Finished, Duration, StartYear, EndYear, Season, Studios, Url) VALUES (133,'Bubblegum Crisis: Tokyo 2040','Unknown',3.567,4117,'Sci Fi, Androids, Cyberpunk, Power Suits, Robots, Original Work','Unknown','TV',26,'TRUE','Unknown',1998,1999,'Fall 1998','AIC','https://www.anime-planet.com/anime/bubblegum-crisis-tokyo-2040');
INSERT INTO Anime (AnimePlanetID, Name, AlternativeName, RatingScore, NumberVotes, Tags, ContentWarning, Type, Episodes, Finished, Duration, StartYear, EndYear, Season, Studios, Url) VALUES (134,'Key the Metal Idol','Unknown',3.389,1189,'Drama, Sci Fi, Androids, Non-Human Protagonists, Robots, Original Work','Unknown','OVA',15,'TRUE','Unknown',1994,1997,'Unknown','Pierrot','https://www.anime-planet.com/anime/key-the-metal-idol');
INSERT INTO Anime (AnimePlanetID, Name, AlternativeName, RatingScore, NumberVotes, Tags, ContentWarning, Type, Episodes, Finished, Duration, StartYear, EndYear, Season, Studios, Url) VALUES (135,'Amazing Nurse Nanako','Nanako Kaitai Shinsho',2.268,1757,'Comedy, Ecchi, Sci Fi, Medical, Military, Original Work','Unknown','OVA',6,'TRUE','Unknown',1999,2000,'Unknown','Radix Ace Entertainment','https://www.anime-planet.com/anime/amazing-nurse-nanako');
INSERT INTO Anime (AnimePlanetID, Name, AlternativeName, RatingScore, NumberVotes, Tags, ContentWarning, Type, Episodes, Finished, Duration, StartYear, EndYear, Season, Studios, Url) VALUES (136,'Blue Seed','Unknown',3.328,3061,'Action, Seinen, Superpowers, Based on a Manga','Unknown','TV',26,'TRUE','Unknown',1994,1995,'Unknown','Ashi Productions, Production I.G','https://www.anime-planet.com/anime/blue-seed');
INSERT INTO Anime (AnimePlanetID, Name, AlternativeName, RatingScore, NumberVotes, Tags, ContentWarning, Type, Episodes, Finished, Duration, StartYear, EndYear, Season, Studios, Url) VALUES (137,'Ceres, Celestial Legend','Ayashi no Ceres',3.463,7036,'Fantasy, Romance, Shoujo, Angels, Love Triangle, Reincarnation, Based on a Manga','Unknown','TV',24,'TRUE','Unknown',2000,2000,'Spring 2000','Pierrot','https://www.anime-planet.com/anime/ceres-celestial-legend');
INSERT INTO Anime (AnimePlanetID, Name, AlternativeName, RatingScore, NumberVotes, Tags, ContentWarning, Type, Episodes, Finished, Duration, StartYear, EndYear, Season, Studios, Url) VALUES (138,'Dual! Parallel Trouble Adventures','Dual! Parare RunRun Monogatari',3.73,2760,'Action, Comedy, Mecha, Sci Fi, Original Work','Unknown','TV',13,'TRUE','Unknown',1999,1999,'Spring 1999','AIC','https://www.anime-planet.com/anime/dual-parallel-trouble-adventures');
INSERT INTO Anime (AnimePlanetID, Name, AlternativeName, RatingScore, NumberVotes, Tags, ContentWarning, Type, Episodes, Finished, Duration, StartYear, EndYear, Season, Studios, Url) VALUES (139,'Stellvia of the Universe','Uchuu no Stellvia',3.853,2993,'Action, Romance, Sci Fi, Outer Space, School Life, Original Work','Unknown','TV',26,'TRUE','Unknown',2003,2003,'Spring 2003','XEBEC','https://www.anime-planet.com/anime/stellvia-of-the-universe');
INSERT INTO Anime (AnimePlanetID, Name, AlternativeName, RatingScore, NumberVotes, Tags, ContentWarning, Type, Episodes, Finished, Duration, StartYear, EndYear, Season, Studios, Url) VALUES (140,'Dragon Ball Z','Unknown',4.216,63413,'Action, Fantasy, Shounen, Aliens, Hand to Hand Combat, Martial Arts, Superpowers, Based on a Manga','Unknown','TV',291,'TRUE','Unknown',1989,1996,'Unknown','Toei Animation','https://www.anime-planet.com/anime/dragon-ball-z');
INSERT INTO Anime (AnimePlanetID, Name, AlternativeName, RatingScore, NumberVotes, Tags, ContentWarning, Type, Episodes, Finished, Duration, StartYear, EndYear, Season, Studios, Url) VALUES (141,'Shaman King','Unknown',3.93,22106,'Action, Adventure, Comedy, Shounen, Tournaments, Based on a Manga','Unknown','TV',64,'TRUE','Unknown',2001,2002,'Summer 2001','XEBEC','https://www.anime-planet.com/anime/shaman-king');
INSERT INTO Anime (AnimePlanetID, Name, AlternativeName, RatingScore, NumberVotes, Tags, ContentWarning, Type, Episodes, Finished, Duration, StartYear, EndYear, Season, Studios, Url) VALUES (142,'Ai Yori Aoshi','Unknown',3.653,12948,'Comedy, Harem, Romance, Seinen, Slice of Life, Boarding House, Neighbors, Sudden Girlfriend Appearance, Based on a Manga','Unknown','TV',24,'TRUE','Unknown',2002,2002,'Spring 2002','J.C.Staff','https://www.anime-planet.com/anime/ai-yori-aoshi');
INSERT INTO Anime (AnimePlanetID, Name, AlternativeName, RatingScore, NumberVotes, Tags, ContentWarning, Type, Episodes, Finished, Duration, StartYear, EndYear, Season, Studios, Url) VALUES (143,'Grave of the Fireflies','Hotaru no Haka',4.441,29082,'Drama, Autobiographies, Death of a Loved One, Historical, Lifestyle Change, Melancholy, Orphans, Poverty, Siblings, War, World War 2','Unknown','Movie',1,'TRUE','88',1988,1988,'Unknown','Studio Ghibli','https://www.anime-planet.com/anime/grave-of-the-fireflies');
INSERT INTO Anime (AnimePlanetID, Name, AlternativeName, RatingScore, NumberVotes, Tags, ContentWarning, Type, Episodes, Finished, Duration, StartYear, EndYear, Season, Studios, Url) VALUES (144,'Angel''s Egg','Tenshi no Tamago',3.577,3500,'Fantasy, Abstract, Original Work','Unknown','OVA',1,'TRUE','71',1985,1985,'Unknown','Studio DEEN','https://www.anime-planet.com/anime/angels-egg');
INSERT INTO Anime (AnimePlanetID, Name, AlternativeName, RatingScore, NumberVotes, Tags, ContentWarning, Type, Episodes, Finished, Duration, StartYear, EndYear, Season, Studios, Url) VALUES (145,'Noir','Unknown',3.586,9160,'Mystery, Amnesia, Assassins, Conspiracy, Criminals, Europe, France, Guns, Mercenaries, Noir, Original Work','Unknown','TV',26,'TRUE','Unknown',2001,2001,'Spring 2001','BEE TRAIN','https://www.anime-planet.com/anime/noir');
INSERT INTO Anime (AnimePlanetID, Name, AlternativeName, RatingScore, NumberVotes, Tags, ContentWarning, Type, Episodes, Finished, Duration, StartYear, EndYear, Season, Studios, Url) VALUES (146,'Nausicaa of the Valley of the Wind','Kaze no Tani no Nausicaa',4.437,27421,'Drama, Fantasy, Environmental, Insects, Based on a Manga','Unknown','Movie',1,'TRUE','117',1984,1984,'Unknown','Top Craft','https://www.anime-planet.com/anime/nausicaa-of-the-valley-of-the-wind');
INSERT INTO Anime (AnimePlanetID, Name, AlternativeName, RatingScore, NumberVotes, Tags, ContentWarning, Type, Episodes, Finished, Duration, StartYear, EndYear, Season, Studios, Url) VALUES (147,'Fruits Basket','Unknown',4.139,45581,'Comedy, Drama, Fantasy, Romance, Shoujo, Animal Transformation, Contemporary Fantasy, Curse, Death of a Loved One, Dysfunctional Families, Love Triangle, Orphans, Roommates, Based on a Manga','Unknown','TV',26,'TRUE','Unknown',2001,2001,'Summer 2001','Studio DEEN','https://www.anime-planet.com/anime/fruits-basket');
INSERT INTO Anime (AnimePlanetID, Name, AlternativeName, RatingScore, NumberVotes, Tags, ContentWarning, Type, Episodes, Finished, Duration, StartYear, EndYear, Season, Studios, Url) VALUES (148,'Comic Party','Unknown',3.113,2601,'Comedy, Doujinshi Industry, Manga Industry, Otaku Culture, Writers, Based on a Visual Novel','Unknown','TV',13,'TRUE','Unknown',2001,2001,'Spring 2001','OLM','https://www.anime-planet.com/anime/comic-party');
INSERT INTO Anime (AnimePlanetID, Name, AlternativeName, RatingScore, NumberVotes, Tags, ContentWarning, Type, Episodes, Finished, Duration, StartYear, EndYear, Season, Studios, Url) VALUES (149,'Kanon','Unknown',3.571,6233,'Drama, Harem, Romance, Based on a Visual Novel','Unknown','TV',13,'TRUE','Unknown',2002,2002,'Winter 2002','Toei Animation','https://www.anime-planet.com/anime/kanon');
INSERT INTO Anime (AnimePlanetID, Name, AlternativeName, RatingScore, NumberVotes, Tags, ContentWarning, Type, Episodes, Finished, Duration, StartYear, EndYear, Season, Studios, Url) VALUES (150,'Figure 17','Figure 17: Tsubasa & Hikaru',3.601,866,'Drama, Sci Fi, Slice of Life, Aliens, Coming of Age, Countryside, Family Friendly, School Life, Original Work','Violence','TV',13,'TRUE','46',2001,2002,'Spring 2001','OLM','https://www.anime-planet.com/anime/figure-17');
INSERT INTO Anime (AnimePlanetID, Name, AlternativeName, RatingScore, NumberVotes, Tags, ContentWarning, Type, Episodes, Finished, Duration, StartYear, EndYear, Season, Studios, Url) VALUES (151,'Lost Universe','Unknown',3.448,1542,'Action, Adventure, Comedy, Sci Fi, Outer Space, Based on a Light Novel','Unknown','TV',26,'TRUE','Unknown',1998,1998,'Spring 1998','E&G Films','https://www.anime-planet.com/anime/lost-universe');
INSERT INTO Anime (AnimePlanetID, Name, AlternativeName, RatingScore, NumberVotes, Tags, ContentWarning, Type, Episodes, Finished, Duration, StartYear, EndYear, Season, Studios, Url) VALUES (152,'JoJo''s Bizarre Adventure','JoJo no Kimyou na Bouken',3.828,3615,'Action, Adventure, Fantasy, Shounen, Martial Arts, Proxy Battles, Superpowers, Based on a Manga','Nudity, Violence','OVA',6,'TRUE','Unknown',1993,1994,'Unknown','A.P.P.P.','https://www.anime-planet.com/anime/jojos-bizarre-adventure');
INSERT INTO Anime (AnimePlanetID, Name, AlternativeName, RatingScore, NumberVotes, Tags, ContentWarning, Type, Episodes, Finished, Duration, StartYear, EndYear, Season, Studios, Url) VALUES (153,'Gatekeepers','Unknown',3.264,2444,'Action, Comedy, Sci Fi, Aliens, School Life, Superpowers','Unknown','TV',24,'TRUE','Unknown',2000,2000,'Spring 2000','GONZO','https://www.anime-planet.com/anime/gatekeepers');
INSERT INTO Anime (AnimePlanetID, Name, AlternativeName, RatingScore, NumberVotes, Tags, ContentWarning, Type, Episodes, Finished, Duration, StartYear, EndYear, Season, Studios, Url) VALUES (154,'The Legend of the Dog Warriors: The Hakkenden','The Hakkenden',2.843,569,'Action, Feudal Japan, Historical, Supernatural, Based on a Novel','Violence','OVA',6,'TRUE','30',1990,1991,'Unknown','AIC','https://www.anime-planet.com/anime/the-legend-of-the-dog-warriors-the-hakkenden');
INSERT INTO Anime (AnimePlanetID, Name, AlternativeName, RatingScore, NumberVotes, Tags, ContentWarning, Type, Episodes, Finished, Duration, StartYear, EndYear, Season, Studios, Url) VALUES (155,'Memories','Unknown',4.042,3818,'Sci Fi, Collections, Episodic, Original Work','Unknown','OVA',3,'TRUE','38',1995,1995,'Unknown','MADHOUSE, Studio 4°C','https://www.anime-planet.com/anime/memories');
INSERT INTO Anime (AnimePlanetID, Name, AlternativeName, RatingScore, NumberVotes, Tags, ContentWarning, Type, Episodes, Finished, Duration, StartYear, EndYear, Season, Studios, Url) VALUES (156,'Robot Carnival','Unknown',3.702,1225,'Sci Fi, Collections, Non-Human Protagonists, Robots','Unknown','OVA',7,'TRUE','Unknown',1987,1987,'Unknown','A.P.P.P.','https://www.anime-planet.com/anime/robot-carnival');
INSERT INTO Anime (AnimePlanetID, Name, AlternativeName, RatingScore, NumberVotes, Tags, ContentWarning, Type, Episodes, Finished, Duration, StartYear, EndYear, Season, Studios, Url) VALUES (157,'Ruin Explorers','Hikyou Tanken Fam & Ihrlie',3.313,909,'Adventure, Comedy, Fantasy, Shounen, Magic, Treasure Hunters, Based on a Manga','Violence','OVA',4,'TRUE','29',1995,1996,'Unknown','Ajia-do','https://www.anime-planet.com/anime/ruin-explorers');
INSERT INTO Anime (AnimePlanetID, Name, AlternativeName, RatingScore, NumberVotes, Tags, ContentWarning, Type, Episodes, Finished, Duration, StartYear, EndYear, Season, Studios, Url) VALUES (158,'Texhnolyze','Unknown',3.571,5949,'Sci Fi, Cyberpunk, Dystopia, Noir, Psychological, Original Work','Mature Themes, Physical Abuse, Sexual Abuse, Violence','TV',22,'TRUE','Unknown',2003,2003,'Spring 2003','MADHOUSE','https://www.anime-planet.com/anime/texhnolyze');
INSERT INTO Anime (AnimePlanetID, Name, AlternativeName, RatingScore, NumberVotes, Tags, ContentWarning, Type, Episodes, Finished, Duration, StartYear, EndYear, Season, Studios, Url) VALUES (159,'Tokyo Underground','Unknown',3.203,3821,'Action, Shounen, Superpowers, Based on a Manga','Unknown','TV',26,'TRUE','Unknown',2002,2002,'Spring 2002','Pierrot','https://www.anime-planet.com/anime/tokyo-underground');
INSERT INTO Anime (AnimePlanetID, Name, AlternativeName, RatingScore, NumberVotes, Tags, ContentWarning, Type, Episodes, Finished, Duration, StartYear, EndYear, Season, Studios, Url) VALUES (160,'Haré+Guu','Jungle Wa Itsumo Hale Nochi Guu',4.079,3094,'Comedy, Shounen, Slice of Life, Forest, Gag, Jungle, Overpowered Main Characters, Parody, Based on a Manga','Unknown','TV',26,'TRUE','Unknown',2001,2001,'Spring 2001','Shin-Ei Animation','https://www.anime-planet.com/anime/hare-guu');
INSERT INTO Anime (AnimePlanetID, Name, AlternativeName, RatingScore, NumberVotes, Tags, ContentWarning, Type, Episodes, Finished, Duration, StartYear, EndYear, Season, Studios, Url) VALUES (161,'Legend of Basara','Unknown',3.606,850,'Action, Adventure, Fantasy, Shoujo, Impersonation, Post-apocalyptic, Based on a Manga','Unknown','TV',13,'TRUE','Unknown',1998,1998,'Spring 1998','Unknown','https://www.anime-planet.com/anime/legend-of-basara');
INSERT INTO Anime (AnimePlanetID, Name, AlternativeName, RatingScore, NumberVotes, Tags, ContentWarning, Type, Episodes, Finished, Duration, StartYear, EndYear, Season, Studios, Url) VALUES (162,'Marmalade Boy','Unknown',3.701,4088,'Comedy, Drama, Romance, Shoujo, Divorce, Love Triangle, Remarriage, Siblings, Based on a Manga','Unknown','TV',76,'TRUE','Unknown',1994,1995,'Unknown','Toei Animation','https://www.anime-planet.com/anime/marmalade-boy');
INSERT INTO Anime (AnimePlanetID, Name, AlternativeName, RatingScore, NumberVotes, Tags, ContentWarning, Type, Episodes, Finished, Duration, StartYear, EndYear, Season, Studios, Url) VALUES (163,'Magic Knight Rayearth','Unknown',3.684,5705,'Action, Adventure, Fantasy, Magical Girl, Shoujo, Elemental Powers, Henshin Heroes, Isekai, Magic, Person in a Strange World, Summoned Into Another World, Based on a Manga','Unknown','TV',49,'TRUE','Unknown',1994,1995,'Unknown','TMS Entertainment','https://www.anime-planet.com/anime/magic-knight-rayearth');
INSERT INTO Anime (AnimePlanetID, Name, AlternativeName, RatingScore, NumberVotes, Tags, ContentWarning, Type, Episodes, Finished, Duration, StartYear, EndYear, Season, Studios, Url) VALUES (164,'Angelic Layer','Kidou Tenshi Angelic Layer',3.609,8273,'Action, Sci Fi, Shounen, Proxy Battles, Tournaments, Based on a Manga','Unknown','TV',26,'TRUE','Unknown',2001,2001,'Spring 2001','Bones','https://www.anime-planet.com/anime/angelic-layer');
INSERT INTO Anime (AnimePlanetID, Name, AlternativeName, RatingScore, NumberVotes, Tags, ContentWarning, Type, Episodes, Finished, Duration, StartYear, EndYear, Season, Studios, Url) VALUES (165,'Cardcaptor Sakura','Unknown',4.097,24719,'Fantasy, Magical Girl, Shoujo, Contemporary Fantasy, Family Friendly, Henshin Heroes, Magic, Monster-of-the-week, Urban Fantasy, Based on a Manga','Unknown','TV',70,'TRUE','Unknown',1998,2000,'Spring 1998','MADHOUSE','https://www.anime-planet.com/anime/cardcaptor-sakura');
INSERT INTO Anime (AnimePlanetID, Name, AlternativeName, RatingScore, NumberVotes, Tags, ContentWarning, Type, Episodes, Finished, Duration, StartYear, EndYear, Season, Studios, Url) VALUES (166,'Magic Knight Rayearth OVA','Mahou Kishi Rayearth OVA',3.371,2316,'Action, Fantasy, Magical Girl, Mecha, Shoujo, Henshin Heroes, Magic, Based on a Manga','Unknown','OVA',3,'TRUE','45',1997,1997,'Unknown','TMS Entertainment','https://www.anime-planet.com/anime/magic-knight-rayearth-ova');
INSERT INTO Anime (AnimePlanetID, Name, AlternativeName, RatingScore, NumberVotes, Tags, ContentWarning, Type, Episodes, Finished, Duration, StartYear, EndYear, Season, Studios, Url) VALUES (167,'Legend of Himiko','Himiko-Den',2.98,522,'Action, Fantasy, Person in a Strange World','Unknown','TV',12,'TRUE','Unknown',1999,1999,'Winter 1999','Group TAC','https://www.anime-planet.com/anime/legend-of-himiko');
INSERT INTO Anime (AnimePlanetID, Name, AlternativeName, RatingScore, NumberVotes, Tags, ContentWarning, Type, Episodes, Finished, Duration, StartYear, EndYear, Season, Studios, Url) VALUES (168,'Golden Boy','Unknown',4.184,16861,'Comedy, Ecchi, Seinen, Episodic, Playboys, Work Life, Based on a Manga','Explicit Sex','OVA',6,'TRUE','29',1995,1996,'Unknown','A.P.P.P.','https://www.anime-planet.com/anime/golden-boy');
INSERT INTO Anime (AnimePlanetID, Name, AlternativeName, RatingScore, NumberVotes, Tags, ContentWarning, Type, Episodes, Finished, Duration, StartYear, EndYear, Season, Studios, Url) VALUES (169,'Oh! My Goddess: The Adventures of Mini-Goddess','Ah! Megami-sama!: Chichaitte Koto wa Benri da ne',2.961,2390,'Comedy, Fantasy, Chibi, Gods, Magic, Non-Human Protagonists, Short Episodes, Based on a Manga','Unknown','TV',48,'TRUE','7',1998,1999,'Spring 1998','OLM','https://www.anime-planet.com/anime/oh-my-goddess-the-adventures-of-mini-goddess');
INSERT INTO Anime (AnimePlanetID, Name, AlternativeName, RatingScore, NumberVotes, Tags, ContentWarning, Type, Episodes, Finished, Duration, StartYear, EndYear, Season, Studios, Url) VALUES (170,'Please Teacher','Onegai Teacher',3.797,18008,'Ecchi, Romance, Sci Fi, Aliens, Interspecies Relationship, Non-Human Protagonists, School Life, Student-Teacher Relationship, Sudden Girlfriend Appearance, Original Work','Unknown','TV',12,'TRUE','Unknown',2002,2002,'Winter 2002','Daume','https://www.anime-planet.com/anime/please-teacher');
INSERT INTO Anime (AnimePlanetID, Name, AlternativeName, RatingScore, NumberVotes, Tags, ContentWarning, Type, Episodes, Finished, Duration, StartYear, EndYear, Season, Studios, Url) VALUES (171,'Haré+Guu DELUXE','Jungle Wa Itsumo Hale Nochi Guu Deluxe',4.22,1580,'Comedy, Shounen, Slice of Life, Forest, Gag, Jungle, Overpowered Main Characters, Parody, Based on a Manga','Unknown','OVA',6,'TRUE','Unknown',2002,2003,'Unknown','Shin-Ei Animation','https://www.anime-planet.com/anime/hare-guu-deluxe');
INSERT INTO Anime (AnimePlanetID, Name, AlternativeName, RatingScore, NumberVotes, Tags, ContentWarning, Type, Episodes, Finished, Duration, StartYear, EndYear, Season, Studios, Url) VALUES (172,'Hajime no Ippo: The Fighting!','Fighting Spirit',4.557,16412,'Action, Drama, Shounen, Sports, Boxing, Hand to Hand Combat, Weak to Strong, Based on a Manga','Unknown','TV',75,'TRUE','Unknown',2000,2002,'Fall 2000','MADHOUSE','https://www.anime-planet.com/anime/hajime-no-ippo-the-fighting');
INSERT INTO Anime (AnimePlanetID, Name, AlternativeName, RatingScore, NumberVotes, Tags, ContentWarning, Type, Episodes, Finished, Duration, StartYear, EndYear, Season, Studios, Url) VALUES (173,'Yu Yu Hakusho','Unknown',4.316,28641,'Action, Shounen, Afterlife, Demons, Hand to Hand Combat, Supernatural, Tournaments, Based on a Manga','Violence','TV',112,'TRUE','Unknown',1992,1994,'Unknown','Pierrot','https://www.anime-planet.com/anime/yu-yu-hakusho');
INSERT INTO Anime (AnimePlanetID, Name, AlternativeName, RatingScore, NumberVotes, Tags, ContentWarning, Type, Episodes, Finished, Duration, StartYear, EndYear, Season, Studios, Url) VALUES (174,'Ping Pong Club','Ike! Ina-chuu Takkyuubu',3.252,896,'Comedy, Ecchi, Seinen, Sports, Crude, Gag, Ping Pong, School Club, School Life, Based on a Manga','Nudity, Sexual Content','TV',26,'TRUE','Unknown',1995,1995,'Spring 1995','Grouper Productions','https://www.anime-planet.com/anime/ping-pong-club');
INSERT INTO Anime (AnimePlanetID, Name, AlternativeName, RatingScore, NumberVotes, Tags, ContentWarning, Type, Episodes, Finished, Duration, StartYear, EndYear, Season, Studios, Url) VALUES (175,'Gokudo','Gokudou-kun Man`yuuki',3.954,1202,'Adventure, Comedy, Fantasy, Magic, Medieval, Based on a Light Novel','Unknown','TV',26,'TRUE','Unknown',1999,1999,'Spring 1999','Trans Arts','https://www.anime-planet.com/anime/gokudo');
INSERT INTO Anime (AnimePlanetID, Name, AlternativeName, RatingScore, NumberVotes, Tags, ContentWarning, Type, Episodes, Finished, Duration, StartYear, EndYear, Season, Studios, Url) VALUES (176,'NieA Under 7','NieA under 7 - domestic poor @nimation',3.222,1603,'Comedy, Sci Fi, Slice of Life, Aliens, Countryside, Non-Human Protagonists, Based on a Doujinshi','Unknown','TV',13,'TRUE','Unknown',2000,2000,'Spring 2000','Triangle Staff','https://www.anime-planet.com/anime/niea-under-7');
INSERT INTO Anime (AnimePlanetID, Name, AlternativeName, RatingScore, NumberVotes, Tags, ContentWarning, Type, Episodes, Finished, Duration, StartYear, EndYear, Season, Studios, Url) VALUES (177,'Mad Bull 34','Unknown',2.553,557,'Action, Comedy, Police, Based on a Manga','Drug Use, Explicit Sex, Explicit Violence, Mature Themes, Physical Abuse, Sexual Abuse','OVA',4,'TRUE','48',1990,1992,'Unknown','Magic Bus','https://www.anime-planet.com/anime/mad-bull-34');
INSERT INTO Anime (AnimePlanetID, Name, AlternativeName, RatingScore, NumberVotes, Tags, ContentWarning, Type, Episodes, Finished, Duration, StartYear, EndYear, Season, Studios, Url) VALUES (178,'The Heroic Legend of Arslan (1991)','Arslan Senki (1991)',3.37,1010,'Adventure, Fantasy, Magic, Medieval, Middle Eastern, Political, Rebellions, Royalty, Swordplay, War, Based on a Light Novel','Mature Themes, Suicide, Violence','OVA',6,'TRUE','40',1991,1995,'Unknown','Aubec, Pierrot, J.C.Staff, Production I.G, Daume','https://www.anime-planet.com/anime/the-heroic-legend-of-arslan-1991');
INSERT INTO Anime (AnimePlanetID, Name, AlternativeName, RatingScore, NumberVotes, Tags, ContentWarning, Type, Episodes, Finished, Duration, StartYear, EndYear, Season, Studios, Url) VALUES (179,'Venus Wars','Venus Senki',3.237,1147,'Action, Adventure, Sci Fi, Seinen, Motorcycles, Post-apocalyptic, War, Based on a Manga','Violence','Movie',1,'TRUE','105',1989,1989,'Unknown','Kugatsusha','https://www.anime-planet.com/anime/venus-wars');
INSERT INTO Anime (AnimePlanetID, Name, AlternativeName, RatingScore, NumberVotes, Tags, ContentWarning, Type, Episodes, Finished, Duration, StartYear, EndYear, Season, Studios, Url) VALUES (180,'Fake','Unknown',2.947,2967,'BL, Mystery, Shounen-ai, Yaoi, Adult Couples, Detectives, England, Europe, Mature Romance, Based on a Manga','Unknown','OVA',1,'TRUE','55',1998,1998,'Unknown','J.C.Staff','https://www.anime-planet.com/anime/fake');
INSERT INTO Anime (AnimePlanetID, Name, AlternativeName, RatingScore, NumberVotes, Tags, ContentWarning, Type, Episodes, Finished, Duration, StartYear, EndYear, Season, Studios, Url) VALUES (181,'Lupin III','Unknown',3.846,5808,'Action, Comedy, Seinen, Criminals, Episodic, Guns, Thieves, Based on a Manga','Unknown','TV',23,'TRUE','Unknown',1971,1972,'Unknown','TMS Entertainment','https://www.anime-planet.com/anime/lupin-the-3rd');
INSERT INTO Anime (AnimePlanetID, Name, AlternativeName, RatingScore, NumberVotes, Tags, ContentWarning, Type, Episodes, Finished, Duration, StartYear, EndYear, Season, Studios, Url) VALUES (182,'Voogie''s Angel','Dennou Sentai Voogie''s Angel',2.134,252,'Action, Ecchi, Sci Fi, Cyborgs, Ocean, Post-apocalyptic','Unknown','OVA',3,'TRUE','Unknown',1997,1998,'Unknown','J.C.Staff, Frontline','https://www.anime-planet.com/anime/voogies-angel');
INSERT INTO Anime (AnimePlanetID, Name, AlternativeName, RatingScore, NumberVotes, Tags, ContentWarning, Type, Episodes, Finished, Duration, StartYear, EndYear, Season, Studios, Url) VALUES (183,'Gatekeepers 21','Unknown',3.287,1400,'Action, Sci Fi, Aliens, Superpowers','Unknown','OVA',6,'TRUE','Unknown',2002,2003,'Unknown','GONZO','https://www.anime-planet.com/anime/gatekeepers-21');
INSERT INTO Anime (AnimePlanetID, Name, AlternativeName, RatingScore, NumberVotes, Tags, ContentWarning, Type, Episodes, Finished, Duration, StartYear, EndYear, Season, Studios, Url) VALUES (184,'The Twelve Kingdoms','Juuni Kokuki',4.134,10902,'Fantasy, Contemporary Fantasy, Isekai, Person in a Strange World, Political, Summoned Into Another World, Based on a Light Novel','Unknown','TV',45,'TRUE','Unknown',2002,2003,'Spring 2002','Pierrot','https://www.anime-planet.com/anime/the-twelve-kingdoms');
INSERT INTO Anime (AnimePlanetID, Name, AlternativeName, RatingScore, NumberVotes, Tags, ContentWarning, Type, Episodes, Finished, Duration, StartYear, EndYear, Season, Studios, Url) VALUES (185,'Mahoromatic','Unknown',3.736,6402,'Comedy, Ecchi, Sci Fi, Seinen, Androids, Maids, Non-Human Protagonists, Robots, Based on a Manga','Unknown','TV',12,'TRUE','Unknown',2001,2001,'Fall 2001','GAINAX, SHAFT','https://www.anime-planet.com/anime/mahoromatic');
INSERT INTO Anime (AnimePlanetID, Name, AlternativeName, RatingScore, NumberVotes, Tags, ContentWarning, Type, Episodes, Finished, Duration, StartYear, EndYear, Season, Studios, Url) VALUES (186,'Kogepan','Unknown',3.286,645,'Anthropomorphic, Family Friendly, Food and Beverage, Food Protagonists, Non-Human Protagonists, San-X Characters, Short Episodes','Unknown','Web',10,'TRUE','4',2001,2001,'Fall 2001','Pierrot','https://www.anime-planet.com/anime/kogepan');
INSERT INTO Anime (AnimePlanetID, Name, AlternativeName, RatingScore, NumberVotes, Tags, ContentWarning, Type, Episodes, Finished, Duration, StartYear, EndYear, Season, Studios, Url) VALUES (187,'Samurai Deeper Kyo','Unknown',3.51,8565,'Action, Shounen, 17th Century, Body Sharing, Feudal Japan, Historical, Samurai, Supernatural, Based on a Manga','Unknown','TV',26,'TRUE','Unknown',2002,2002,'Summer 2002','Studio DEEN','https://www.anime-planet.com/anime/samurai-deeper-kyo');
INSERT INTO Anime (AnimePlanetID, Name, AlternativeName, RatingScore, NumberVotes, Tags, ContentWarning, Type, Episodes, Finished, Duration, StartYear, EndYear, Season, Studios, Url) VALUES (188,'Maris the Chojo','Unknown',2.554,282,'Comedy, Sci Fi, Police, Superpowers, Based on a Manga','Unknown','OVA',1,'TRUE','48',1986,1986,'Unknown','Pierrot','https://www.anime-planet.com/anime/maris-the-chojo');
INSERT INTO Anime (AnimePlanetID, Name, AlternativeName, RatingScore, NumberVotes, Tags, ContentWarning, Type, Episodes, Finished, Duration, StartYear, EndYear, Season, Studios, Url) VALUES (189,'Tokyo Mew Mew','Mew Mew Power',3.13,10847,'Magical Girl, Romance, Sci Fi, Shoujo, Aliens, Animal Characteristics, Henshin Heroes, Magic, Monster-of-the-week, Sentai, Superheroes, Based on a Manga','Unknown','TV',52,'TRUE','Unknown',2002,2003,'Spring 2002','Pierrot','https://www.anime-planet.com/anime/tokyo-mew-mew');
INSERT INTO Anime (AnimePlanetID, Name, AlternativeName, RatingScore, NumberVotes, Tags, ContentWarning, Type, Episodes, Finished, Duration, StartYear, EndYear, Season, Studios, Url) VALUES (190,'Angel Cop','Unknown',2.607,1093,'Sci Fi, Police, Psychic Powers, Supernatural, Original Work','Explicit Violence, Mature Themes, Nudity, Physical Abuse','OVA',6,'TRUE','Unknown',1989,1994,'Unknown','D.A.S.T Corporation, Studio 88','https://www.anime-planet.com/anime/angel-cop');
INSERT INTO Anime (AnimePlanetID, Name, AlternativeName, RatingScore, NumberVotes, Tags, ContentWarning, Type, Episodes, Finished, Duration, StartYear, EndYear, Season, Studios, Url) VALUES (191,'Bounty Dog','Bounty Dog: Getsumen no Ibu',2.208,315,'Action, Sci Fi','Unknown','OVA',2,'TRUE','Unknown',1994,1994,'Unknown','J.C.Staff','https://www.anime-planet.com/anime/bounty-dog');
INSERT INTO Anime (AnimePlanetID, Name, AlternativeName, RatingScore, NumberVotes, Tags, ContentWarning, Type, Episodes, Finished, Duration, StartYear, EndYear, Season, Studios, Url) VALUES (192,'Red Hawk: Weapon Of Death','Bulg-eunmae',2.146,167,'Action, Adventure, Fantasy, Korean Animation, Martial Arts','Unknown','Movie',1,'TRUE','90',1995,1995,'Unknown','Unknown','https://www.anime-planet.com/anime/red-hawk-weapon-of-death');
INSERT INTO Anime (AnimePlanetID, Name, AlternativeName, RatingScore, NumberVotes, Tags, ContentWarning, Type, Episodes, Finished, Duration, StartYear, EndYear, Season, Studios, Url) VALUES (193,'Gunbuster','Alt titles: Aim for the Top!, Top wo Nerae!',4.04,4365,'Ecchi, Mecha, Sci Fi, Outer Space, Super Robot, Original Work','Nudity','OVA',6,'TRUE','Unknown',1988,1989,'Unknown','GAINAX','https://www.anime-planet.com/anime/gunbuster');
INSERT INTO Anime (AnimePlanetID, Name, AlternativeName, RatingScore, NumberVotes, Tags, ContentWarning, Type, Episodes, Finished, Duration, StartYear, EndYear, Season, Studios, Url) VALUES (194,'Mobile Suit Gundam SEED','Kidou Senshi Gundam SEED',4.118,14319,'Action, Drama, Mecha, Sci Fi, Outer Space, Real Robot, Rivalries, War, Original Work','Sexual Content','TV',50,'TRUE','Unknown',2002,2003,'Fall 2002','Sunrise','https://www.anime-planet.com/anime/mobile-suit-gundam-seed');
INSERT INTO Anime (AnimePlanetID, Name, AlternativeName, RatingScore, NumberVotes, Tags, ContentWarning, Type, Episodes, Finished, Duration, StartYear, EndYear, Season, Studios, Url) VALUES (195,'Mobile Suit Gundam Wing','Unknown',4.121,15913,'Action, Mecha, Sci Fi, Outer Space, Political, Terrorism, War, Original Work','Unknown','TV',49,'TRUE','Unknown',1995,1996,'Unknown','Sunrise','https://www.anime-planet.com/anime/mobile-suit-gundam-wing');
INSERT INTO Anime (AnimePlanetID, Name, AlternativeName, RatingScore, NumberVotes, Tags, ContentWarning, Type, Episodes, Finished, Duration, StartYear, EndYear, Season, Studios, Url) VALUES (196,'Spiral','Spiral: Suiri no Kizuna',3.577,5333,'Action, Mystery, Shounen, Detectives, Based on a Manga','Unknown','TV',25,'TRUE','Unknown',2002,2003,'Fall 2002','J.C.Staff','https://www.anime-planet.com/anime/spiral');
INSERT INTO Anime (AnimePlanetID, Name, AlternativeName, RatingScore, NumberVotes, Tags, ContentWarning, Type, Episodes, Finished, Duration, StartYear, EndYear, Season, Studios, Url) VALUES (197,'Yokohama Kaidashi Kikou','Unknown',3.667,1126,'Seinen, Slice of Life, Androids, Countryside, Iyashikei, Non-Human Protagonists, Robots, Based on a Manga','Unknown','OVA',2,'TRUE','Unknown',1998,1998,'Unknown','Ajia-do','https://www.anime-planet.com/anime/yokohama-kaidashi-kikou');
INSERT INTO Anime (AnimePlanetID, Name, AlternativeName, RatingScore, NumberVotes, Tags, ContentWarning, Type, Episodes, Finished, Duration, StartYear, EndYear, Season, Studios, Url) VALUES (198,'Yokohama Kaidashi Kikou: Quiet Country Cafe','Quiet Country Cafe',3.571,912,'Seinen, Slice of Life, Androids, Countryside, Iyashikei, Non-Human Protagonists, Robots, Based on a Manga','Nudity','OVA',2,'TRUE','33',2002,2003,'Unknown','Ajia-do','https://www.anime-planet.com/anime/yokohama-kaidashi-kikou-quiet-country-cafe');
INSERT INTO Anime (AnimePlanetID, Name, AlternativeName, RatingScore, NumberVotes, Tags, ContentWarning, Type, Episodes, Finished, Duration, StartYear, EndYear, Season, Studios, Url) VALUES (199,'Photon: The Idiot Adventures','Unknown',3.624,1487,'Adventure, Comedy, Ecchi, Sci Fi, Overpowered Main Characters, Sudden Girlfriend Appearance, Original Work','Nudity','OVA',6,'TRUE','Unknown',1997,1999,'Unknown','AIC','https://www.anime-planet.com/anime/photon-the-idiot-adventures');
INSERT INTO Anime (AnimePlanetID, Name, AlternativeName, RatingScore, NumberVotes, Tags, ContentWarning, Type, Episodes, Finished, Duration, StartYear, EndYear, Season, Studios, Url) VALUES (200,'Momoiro Sisters','Unknown',2.67,290,'Comedy, Slice of Life, Short Episodes, Siblings, Based on a 4-Koma Manga, Based on a Manga','Mature Themes','TV',24,'TRUE','6',1998,1998,'Summer 1998','Studio DEEN','https://www.anime-planet.com/anime/momoiro-sisters');

------------------------------------------------------------------------------------------------------
--Inserting data into StatusTable table
------------------------------------------------------------------------------------------------------
INSERT INTO StatusTable (status, description) VALUES ('1','Watched');
INSERT INTO StatusTable (status, description) VALUES ('2','Watching');
INSERT INTO StatusTable (status, description) VALUES ('3','Dropped');
INSERT INTO StatusTable (status, description) VALUES ('4','Want to Watch');
INSERT INTO StatusTable (status, description) VALUES ('5','Stalled');
INSERT INTO StatusTable (status, description) VALUES ('6','Won''t Watch');

------------------------------------------------------------------------------------------------------
--Inserting Data into UserAnime table
------------------------------------------------------------------------------------------------------
INSERT INTO UserAnime (user_id, anime_id, rating, watching_status, watched_episodes) VALUES(0,147,5,1,0);
INSERT INTO UserAnime (user_id, anime_id, rating, watching_status, watched_episodes) VALUES(1,84,2,1,0);
INSERT INTO UserAnime (user_id, anime_id, rating, watching_status, watched_episodes) VALUES(1,195,5,1,0);
INSERT INTO UserAnime (user_id, anime_id, rating, watching_status, watched_episodes) VALUES(1,64,4,1,0);
INSERT INTO UserAnime (user_id, anime_id, rating, watching_status, watched_episodes) VALUES(1,194,3.5,1,0);
INSERT INTO UserAnime (user_id, anime_id, rating, watching_status, watched_episodes) VALUES(1,6,0.5,1,0);
INSERT INTO UserAnime (user_id, anime_id, rating, watching_status, watched_episodes) VALUES(1,126,3.5,1,0);
INSERT INTO UserAnime (user_id, anime_id, rating, watching_status, watched_episodes) VALUES(1,66,3.5,1,0);
INSERT INTO UserAnime (user_id, anime_id, rating, watching_status, watched_episodes) VALUES(1,8,3,1,0);
INSERT INTO UserAnime (user_id, anime_id, rating, watching_status, watched_episodes) VALUES(1,165,0,2,4);
INSERT INTO UserAnime (user_id, anime_id, rating, watching_status, watched_episodes) VALUES(1,75,5,1,0);
INSERT INTO UserAnime (user_id, anime_id, rating, watching_status, watched_episodes) VALUES(1,105,4,1,0);
INSERT INTO UserAnime (user_id, anime_id, rating, watching_status, watched_episodes) VALUES(1,108,3.5,1,0);
INSERT INTO UserAnime (user_id, anime_id, rating, watching_status, watched_episodes) VALUES(1,119,5,1,0);
INSERT INTO UserAnime (user_id, anime_id, rating, watching_status, watched_episodes) VALUES(1,111,4.5,1,0);
INSERT INTO UserAnime (user_id, anime_id, rating, watching_status, watched_episodes) VALUES(1,130,2.5,5,3);
INSERT INTO UserAnime (user_id, anime_id, rating, watching_status, watched_episodes) VALUES(2,83,0,4,0);
INSERT INTO UserAnime (user_id, anime_id, rating, watching_status, watched_episodes) VALUES(2,93,0,4,0);
INSERT INTO UserAnime (user_id, anime_id, rating, watching_status, watched_episodes) VALUES(2,96,0,5,0);
INSERT INTO UserAnime (user_id, anime_id, rating, watching_status, watched_episodes) VALUES(2,90,0,5,0);
INSERT INTO UserAnime (user_id, anime_id, rating, watching_status, watched_episodes) VALUES(2,143,0,4,0);
INSERT INTO UserAnime (user_id, anime_id, rating, watching_status, watched_episodes) VALUES(2,137,0,3,0);
INSERT INTO UserAnime (user_id, anime_id, rating, watching_status, watched_episodes) VALUES(2,94,0,4,0);
INSERT INTO UserAnime (user_id, anime_id, rating, watching_status, watched_episodes) VALUES(2,16,0.5,1,0);
INSERT INTO UserAnime (user_id, anime_id, rating, watching_status, watched_episodes) VALUES(2,66,0,4,0);
INSERT INTO UserAnime (user_id, anime_id, rating, watching_status, watched_episodes) VALUES(2,15,0,5,0);
INSERT INTO UserAnime (user_id, anime_id, rating, watching_status, watched_episodes) VALUES(2,33,0,4,0);
INSERT INTO UserAnime (user_id, anime_id, rating, watching_status, watched_episodes) VALUES(2,49,3,1,0);
INSERT INTO UserAnime (user_id, anime_id, rating, watching_status, watched_episodes) VALUES(2,119,0,4,0);
INSERT INTO UserAnime (user_id, anime_id, rating, watching_status, watched_episodes) VALUES(2,121,0,5,0);
INSERT INTO UserAnime (user_id, anime_id, rating, watching_status, watched_episodes) VALUES(2,48,0,4,0);
INSERT INTO UserAnime (user_id, anime_id, rating, watching_status, watched_episodes) VALUES(2,19,2.5,1,0);
INSERT INTO UserAnime (user_id, anime_id, rating, watching_status, watched_episodes) VALUES(2,162,0,5,4);
INSERT INTO UserAnime (user_id, anime_id, rating, watching_status, watched_episodes) VALUES(2,184,0,2,11);
INSERT INTO UserAnime (user_id, anime_id, rating, watching_status, watched_episodes) VALUES(2,110,0,2,38);
INSERT INTO UserAnime (user_id, anime_id, rating, watching_status, watched_episodes) VALUES(2,46,0,2,2);
INSERT INTO UserAnime (user_id, anime_id, rating, watching_status, watched_episodes) VALUES(2,108,0,5,0);
INSERT INTO UserAnime (user_id, anime_id, rating, watching_status, watched_episodes) VALUES(2,61,0,4,0);
INSERT INTO UserAnime (user_id, anime_id, rating, watching_status, watched_episodes) VALUES(2,147,5,1,0);
INSERT INTO UserAnime (user_id, anime_id, rating, watching_status, watched_episodes) VALUES(3,99,0,1,0);
INSERT INTO UserAnime (user_id, anime_id, rating, watching_status, watched_episodes) VALUES(3,140,0,1,0);
INSERT INTO UserAnime (user_id, anime_id, rating, watching_status, watched_episodes) VALUES(3,6,0,4,0);
INSERT INTO UserAnime (user_id, anime_id, rating, watching_status, watched_episodes) VALUES(3,22,0,1,0);
INSERT INTO UserAnime (user_id, anime_id, rating, watching_status, watched_episodes) VALUES(3,74,5,2,633);
INSERT INTO UserAnime (user_id, anime_id, rating, watching_status, watched_episodes) VALUES(3,73,0,4,0);
INSERT INTO UserAnime (user_id, anime_id, rating, watching_status, watched_episodes) VALUES(3,60,5,1,0);
INSERT INTO UserAnime (user_id, anime_id, rating, watching_status, watched_episodes) VALUES(3,172,5,1,0);
INSERT INTO UserAnime (user_id, anime_id, rating, watching_status, watched_episodes) VALUES(4,43,0,1,0);
INSERT INTO UserAnime (user_id, anime_id, rating, watching_status, watched_episodes) VALUES(4,90,3.5,1,0);
INSERT INTO UserAnime (user_id, anime_id, rating, watching_status, watched_episodes) VALUES(4,121,2.5,1,0);
INSERT INTO UserAnime (user_id, anime_id, rating, watching_status, watched_episodes) VALUES(4,137,2,1,0);
INSERT INTO UserAnime (user_id, anime_id, rating, watching_status, watched_episodes) VALUES(4,55,0,4,0);
INSERT INTO UserAnime (user_id, anime_id, rating, watching_status, watched_episodes) VALUES(4,70,0,4,0);
INSERT INTO UserAnime (user_id, anime_id, rating, watching_status, watched_episodes) VALUES(4,22,0,4,0);
INSERT INTO UserAnime (user_id, anime_id, rating, watching_status, watched_episodes) VALUES(4,163,0,3,0);
INSERT INTO UserAnime (user_id, anime_id, rating, watching_status, watched_episodes) VALUES(4,98,0,4,0);
INSERT INTO UserAnime (user_id, anime_id, rating, watching_status, watched_episodes) VALUES(4,26,0,1,0);
INSERT INTO UserAnime (user_id, anime_id, rating, watching_status, watched_episodes) VALUES(4,147,0,1,0);
INSERT INTO UserAnime (user_id, anime_id, rating, watching_status, watched_episodes) VALUES(4,165,4.5,1,0);
INSERT INTO UserAnime (user_id, anime_id, rating, watching_status, watched_episodes) VALUES(4,173,0,1,0);
INSERT INTO UserAnime (user_id, anime_id, rating, watching_status, watched_episodes) VALUES(4,96,3.5,1,0);
INSERT INTO UserAnime (user_id, anime_id, rating, watching_status, watched_episodes) VALUES(4,50,0,1,0);
INSERT INTO UserAnime (user_id, anime_id, rating, watching_status, watched_episodes) VALUES(4,66,0,5,0);
INSERT INTO UserAnime (user_id, anime_id, rating, watching_status, watched_episodes) VALUES(4,54,0,6,0);
INSERT INTO UserAnime (user_id, anime_id, rating, watching_status, watched_episodes) VALUES(5,70,0,1,0);
INSERT INTO UserAnime (user_id, anime_id, rating, watching_status, watched_episodes) VALUES(5,164,0,1,0);
INSERT INTO UserAnime (user_id, anime_id, rating, watching_status, watched_episodes) VALUES(5,158,0,1,0);
INSERT INTO UserAnime (user_id, anime_id, rating, watching_status, watched_episodes) VALUES(5,100,0,1,0);
INSERT INTO UserAnime (user_id, anime_id, rating, watching_status, watched_episodes) VALUES(5,82,0,1,0);
INSERT INTO UserAnime (user_id, anime_id, rating, watching_status, watched_episodes) VALUES(5,122,4,1,0);
INSERT INTO UserAnime (user_id, anime_id, rating, watching_status, watched_episodes) VALUES(5,16,0,1,0);
INSERT INTO UserAnime (user_id, anime_id, rating, watching_status, watched_episodes) VALUES(5,83,0,1,0);
INSERT INTO UserAnime (user_id, anime_id, rating, watching_status, watched_episodes) VALUES(5,50,5,1,0);
INSERT INTO UserAnime (user_id, anime_id, rating, watching_status, watched_episodes) VALUES(5,5,0,1,0);
INSERT INTO UserAnime (user_id, anime_id, rating, watching_status, watched_episodes) VALUES(5,76,0,1,0);
INSERT INTO UserAnime (user_id, anime_id, rating, watching_status, watched_episodes) VALUES(5,61,0,1,0);
INSERT INTO UserAnime (user_id, anime_id, rating, watching_status, watched_episodes) VALUES(5,193,0,1,0);
INSERT INTO UserAnime (user_id, anime_id, rating, watching_status, watched_episodes) VALUES(5,105,0,1,0);
INSERT INTO UserAnime (user_id, anime_id, rating, watching_status, watched_episodes) VALUES(5,4,0,1,0);
INSERT INTO UserAnime (user_id, anime_id, rating, watching_status, watched_episodes) VALUES(5,98,0,1,0);
INSERT INTO UserAnime (user_id, anime_id, rating, watching_status, watched_episodes) VALUES(5,25,0,1,0);
INSERT INTO UserAnime (user_id, anime_id, rating, watching_status, watched_episodes) VALUES(5,22,0,1,0);
INSERT INTO UserAnime (user_id, anime_id, rating, watching_status, watched_episodes) VALUES(5,28,0,1,0);
INSERT INTO UserAnime (user_id, anime_id, rating, watching_status, watched_episodes) VALUES(5,69,4,1,0);
INSERT INTO UserAnime (user_id, anime_id, rating, watching_status, watched_episodes) VALUES(5,26,0,1,0);
INSERT INTO UserAnime (user_id, anime_id, rating, watching_status, watched_episodes) VALUES(5,142,4,1,0);
INSERT INTO UserAnime (user_id, anime_id, rating, watching_status, watched_episodes) VALUES(5,54,0,1,0);
INSERT INTO UserAnime (user_id, anime_id, rating, watching_status, watched_episodes) VALUES(5,165,0,1,0);
INSERT INTO UserAnime (user_id, anime_id, rating, watching_status, watched_episodes) VALUES(5,168,0,1,0);
INSERT INTO UserAnime (user_id, anime_id, rating, watching_status, watched_episodes) VALUES(5,48,0,1,0);
INSERT INTO UserAnime (user_id, anime_id, rating, watching_status, watched_episodes) VALUES(5,99,4.5,1,0);
INSERT INTO UserAnime (user_id, anime_id, rating, watching_status, watched_episodes) VALUES(5,128,0,1,0);
INSERT INTO UserAnime (user_id, anime_id, rating, watching_status, watched_episodes) VALUES(5,131,0,1,0);
INSERT INTO UserAnime (user_id, anime_id, rating, watching_status, watched_episodes) VALUES(5,187,0,1,0);
INSERT INTO UserAnime (user_id, anime_id, rating, watching_status, watched_episodes) VALUES(5,184,0,1,0);
INSERT INTO UserAnime (user_id, anime_id, rating, watching_status, watched_episodes) VALUES(5,172,0,1,0);
INSERT INTO UserAnime (user_id, anime_id, rating, watching_status, watched_episodes) VALUES(5,52,0,1,0);
INSERT INTO UserAnime (user_id, anime_id, rating, watching_status, watched_episodes) VALUES(5,108,0,1,0);
INSERT INTO UserAnime (user_id, anime_id, rating, watching_status, watched_episodes) VALUES(5,141,5,1,0);
INSERT INTO UserAnime (user_id, anime_id, rating, watching_status, watched_episodes) VALUES(5,194,0,1,0);

------------------------------------------------------------------------------------------------------
--Inserting data into AnimeRecommendations table
------------------------------------------------------------------------------------------------------
INSERT INTO AnimeRecommendations (AnimeID, RecommendationID, AgreeVotes) VALUES(100,2,2);
INSERT INTO AnimeRecommendations (AnimeID, RecommendationID, AgreeVotes) VALUES(102,2,1);
INSERT INTO AnimeRecommendations (AnimeID, RecommendationID, AgreeVotes) VALUES(105,2,7);
INSERT INTO AnimeRecommendations (AnimeID, RecommendationID, AgreeVotes) VALUES(108,2,1);
INSERT INTO AnimeRecommendations (AnimeID, RecommendationID, AgreeVotes) VALUES(111,2,17);
INSERT INTO AnimeRecommendations (AnimeID, RecommendationID, AgreeVotes) VALUES(112,2,1);
INSERT INTO AnimeRecommendations (AnimeID, RecommendationID, AgreeVotes) VALUES(138,2,4);
INSERT INTO AnimeRecommendations (AnimeID, RecommendationID, AgreeVotes) VALUES(139,2,5);
INSERT INTO AnimeRecommendations (AnimeID, RecommendationID, AgreeVotes) VALUES(170,2,1);
INSERT INTO AnimeRecommendations (AnimeID, RecommendationID, AgreeVotes) VALUES(193,2,1);
INSERT INTO AnimeRecommendations (AnimeID, RecommendationID, AgreeVotes) VALUES(194,2,1);
INSERT INTO AnimeRecommendations (AnimeID, RecommendationID, AgreeVotes) VALUES(20,2,4);
INSERT INTO AnimeRecommendations (AnimeID, RecommendationID, AgreeVotes) VALUES(29,2,1);
INSERT INTO AnimeRecommendations (AnimeID, RecommendationID, AgreeVotes) VALUES(64,2,1);
INSERT INTO AnimeRecommendations (AnimeID, RecommendationID, AgreeVotes) VALUES(72,2,6);
INSERT INTO AnimeRecommendations (AnimeID, RecommendationID, AgreeVotes) VALUES(78,2,1);
INSERT INTO AnimeRecommendations (AnimeID, RecommendationID, AgreeVotes) VALUES(8,2,4);
INSERT INTO AnimeRecommendations (AnimeID, RecommendationID, AgreeVotes) VALUES(89,2,1);
INSERT INTO AnimeRecommendations (AnimeID, RecommendationID, AgreeVotes) VALUES(97,2,1);
INSERT INTO AnimeRecommendations (AnimeID, RecommendationID, AgreeVotes) VALUES(111,3,1);
INSERT INTO AnimeRecommendations (AnimeID, RecommendationID, AgreeVotes) VALUES(15,3,1);
INSERT INTO AnimeRecommendations (AnimeID, RecommendationID, AgreeVotes) VALUES(33,3,1);
INSERT INTO AnimeRecommendations (AnimeID, RecommendationID, AgreeVotes) VALUES(140,4,2);
INSERT INTO AnimeRecommendations (AnimeID, RecommendationID, AgreeVotes) VALUES(152,4,2);
INSERT INTO AnimeRecommendations (AnimeID, RecommendationID, AgreeVotes) VALUES(18,4,1);
INSERT INTO AnimeRecommendations (AnimeID, RecommendationID, AgreeVotes) VALUES(192,4,1);
INSERT INTO AnimeRecommendations (AnimeID, RecommendationID, AgreeVotes) VALUES(61,4,1);
INSERT INTO AnimeRecommendations (AnimeID, RecommendationID, AgreeVotes) VALUES(140,5,1);
INSERT INTO AnimeRecommendations (AnimeID, RecommendationID, AgreeVotes) VALUES(36,5,2);
INSERT INTO AnimeRecommendations (AnimeID, RecommendationID, AgreeVotes) VALUES(54,5,3);
INSERT INTO AnimeRecommendations (AnimeID, RecommendationID, AgreeVotes) VALUES(55,5,2);
INSERT INTO AnimeRecommendations (AnimeID, RecommendationID, AgreeVotes) VALUES(59,5,1);
INSERT INTO AnimeRecommendations (AnimeID, RecommendationID, AgreeVotes) VALUES(60,5,1);
INSERT INTO AnimeRecommendations (AnimeID, RecommendationID, AgreeVotes) VALUES(69,5,2);
INSERT INTO AnimeRecommendations (AnimeID, RecommendationID, AgreeVotes) VALUES(85,5,1);
INSERT INTO AnimeRecommendations (AnimeID, RecommendationID, AgreeVotes) VALUES(99,5,2);
INSERT INTO AnimeRecommendations (AnimeID, RecommendationID, AgreeVotes) VALUES(100,6,9);
INSERT INTO AnimeRecommendations (AnimeID, RecommendationID, AgreeVotes) VALUES(101,6,1);
INSERT INTO AnimeRecommendations (AnimeID, RecommendationID, AgreeVotes) VALUES(105,6,1);
INSERT INTO AnimeRecommendations (AnimeID, RecommendationID, AgreeVotes) VALUES(130,6,7);
INSERT INTO AnimeRecommendations (AnimeID, RecommendationID, AgreeVotes) VALUES(147,6,1);
INSERT INTO AnimeRecommendations (AnimeID, RecommendationID, AgreeVotes) VALUES(16,6,3);
INSERT INTO AnimeRecommendations (AnimeID, RecommendationID, AgreeVotes) VALUES(160,6,10);
INSERT INTO AnimeRecommendations (AnimeID, RecommendationID, AgreeVotes) VALUES(168,6,1);
INSERT INTO AnimeRecommendations (AnimeID, RecommendationID, AgreeVotes) VALUES(171,6,2);
INSERT INTO AnimeRecommendations (AnimeID, RecommendationID, AgreeVotes) VALUES(174,6,1);
INSERT INTO AnimeRecommendations (AnimeID, RecommendationID, AgreeVotes) VALUES(176,6,3);
INSERT INTO AnimeRecommendations (AnimeID, RecommendationID, AgreeVotes) VALUES(185,6,2);
INSERT INTO AnimeRecommendations (AnimeID, RecommendationID, AgreeVotes) VALUES(28,6,1);
INSERT INTO AnimeRecommendations (AnimeID, RecommendationID, AgreeVotes) VALUES(29,6,1);
INSERT INTO AnimeRecommendations (AnimeID, RecommendationID, AgreeVotes) VALUES(34,6,1);
INSERT INTO AnimeRecommendations (AnimeID, RecommendationID, AgreeVotes) VALUES(44,6,6);
INSERT INTO AnimeRecommendations (AnimeID, RecommendationID, AgreeVotes) VALUES(45,6,4);
INSERT INTO AnimeRecommendations (AnimeID, RecommendationID, AgreeVotes) VALUES(71,6,1);
INSERT INTO AnimeRecommendations (AnimeID, RecommendationID, AgreeVotes) VALUES(73,6,2);
INSERT INTO AnimeRecommendations (AnimeID, RecommendationID, AgreeVotes) VALUES(75,6,29);
INSERT INTO AnimeRecommendations (AnimeID, RecommendationID, AgreeVotes) VALUES(80,6,2);
INSERT INTO AnimeRecommendations (AnimeID, RecommendationID, AgreeVotes) VALUES(100,7,1);
INSERT INTO AnimeRecommendations (AnimeID, RecommendationID, AgreeVotes) VALUES(102,7,7);
INSERT INTO AnimeRecommendations (AnimeID, RecommendationID, AgreeVotes) VALUES(126,7,1);
INSERT INTO AnimeRecommendations (AnimeID, RecommendationID, AgreeVotes) VALUES(27,7,1);
INSERT INTO AnimeRecommendations (AnimeID, RecommendationID, AgreeVotes) VALUES(34,7,1);
INSERT INTO AnimeRecommendations (AnimeID, RecommendationID, AgreeVotes) VALUES(105,8,1);
INSERT INTO AnimeRecommendations (AnimeID, RecommendationID, AgreeVotes) VALUES(111,8,1);
INSERT INTO AnimeRecommendations (AnimeID, RecommendationID, AgreeVotes) VALUES(118,8,3);
INSERT INTO AnimeRecommendations (AnimeID, RecommendationID, AgreeVotes) VALUES(125,8,3);
INSERT INTO AnimeRecommendations (AnimeID, RecommendationID, AgreeVotes) VALUES(139,8,3);
INSERT INTO AnimeRecommendations (AnimeID, RecommendationID, AgreeVotes) VALUES(145,8,5);
INSERT INTO AnimeRecommendations (AnimeID, RecommendationID, AgreeVotes) VALUES(18,8,3);
INSERT INTO AnimeRecommendations (AnimeID, RecommendationID, AgreeVotes) VALUES(2,8,6);
INSERT INTO AnimeRecommendations (AnimeID, RecommendationID, AgreeVotes) VALUES(34,8,1);
INSERT INTO AnimeRecommendations (AnimeID, RecommendationID, AgreeVotes) VALUES(64,8,1);
INSERT INTO AnimeRecommendations (AnimeID, RecommendationID, AgreeVotes) VALUES(72,8,1);
INSERT INTO AnimeRecommendations (AnimeID, RecommendationID, AgreeVotes) VALUES(164,10,2);
INSERT INTO AnimeRecommendations (AnimeID, RecommendationID, AgreeVotes) VALUES(172,10,9);
INSERT INTO AnimeRecommendations (AnimeID, RecommendationID, AgreeVotes) VALUES(22,10,3);
INSERT INTO AnimeRecommendations (AnimeID, RecommendationID, AgreeVotes) VALUES(99,10,1);
INSERT INTO AnimeRecommendations (AnimeID, RecommendationID, AgreeVotes) VALUES(110,11,1);
INSERT INTO AnimeRecommendations (AnimeID, RecommendationID, AgreeVotes) VALUES(121,11,1);
INSERT INTO AnimeRecommendations (AnimeID, RecommendationID, AgreeVotes) VALUES(162,11,1);
INSERT INTO AnimeRecommendations (AnimeID, RecommendationID, AgreeVotes) VALUES(23,11,6);
INSERT INTO AnimeRecommendations (AnimeID, RecommendationID, AgreeVotes) VALUES(24,11,2);
INSERT INTO AnimeRecommendations (AnimeID, RecommendationID, AgreeVotes) VALUES(26,11,2);
INSERT INTO AnimeRecommendations (AnimeID, RecommendationID, AgreeVotes) VALUES(35,11,1);
INSERT INTO AnimeRecommendations (AnimeID, RecommendationID, AgreeVotes) VALUES(100,12,2);
INSERT INTO AnimeRecommendations (AnimeID, RecommendationID, AgreeVotes) VALUES(102,12,3);
INSERT INTO AnimeRecommendations (AnimeID, RecommendationID, AgreeVotes) VALUES(107,12,1);
INSERT INTO AnimeRecommendations (AnimeID, RecommendationID, AgreeVotes) VALUES(108,12,2);
INSERT INTO AnimeRecommendations (AnimeID, RecommendationID, AgreeVotes) VALUES(143,12,13);
INSERT INTO AnimeRecommendations (AnimeID, RecommendationID, AgreeVotes) VALUES(146,12,3);
INSERT INTO AnimeRecommendations (AnimeID, RecommendationID, AgreeVotes) VALUES(154,12,1);
INSERT INTO AnimeRecommendations (AnimeID, RecommendationID, AgreeVotes) VALUES(158,12,1);
INSERT INTO AnimeRecommendations (AnimeID, RecommendationID, AgreeVotes) VALUES(159,12,1);
INSERT INTO AnimeRecommendations (AnimeID, RecommendationID, AgreeVotes) VALUES(184,12,2);
INSERT INTO AnimeRecommendations (AnimeID, RecommendationID, AgreeVotes) VALUES(22,12,1);
INSERT INTO AnimeRecommendations (AnimeID, RecommendationID, AgreeVotes) VALUES(29,12,1);
INSERT INTO AnimeRecommendations (AnimeID, RecommendationID, AgreeVotes) VALUES(39,12,4);
INSERT INTO AnimeRecommendations (AnimeID, RecommendationID, AgreeVotes) VALUES(48,12,1);
INSERT INTO AnimeRecommendations (AnimeID, RecommendationID, AgreeVotes) VALUES(56,12,2);
INSERT INTO AnimeRecommendations (AnimeID, RecommendationID, AgreeVotes) VALUES(61,12,3);

------------------------------------------------------------------------------------------------------
--Inserting data into UserAnimeRatings table
------------------------------------------------------------------------------------------------------
INSERT INTO UserAnimeRatings (user_id, anime_id, rating) VALUES (0,147,5);
INSERT INTO UserAnimeRatings (user_id, anime_id, rating) VALUES (1,84,2);
INSERT INTO UserAnimeRatings (user_id, anime_id, rating) VALUES (1,195,5);
INSERT INTO UserAnimeRatings (user_id, anime_id, rating) VALUES (1,64,4);
INSERT INTO UserAnimeRatings (user_id, anime_id, rating) VALUES (1,194,3.5);
INSERT INTO UserAnimeRatings (user_id, anime_id, rating) VALUES (1,6,0.5);
INSERT INTO UserAnimeRatings (user_id, anime_id, rating) VALUES (1,126,3.5);
INSERT INTO UserAnimeRatings (user_id, anime_id, rating) VALUES (1,66,3.5);
INSERT INTO UserAnimeRatings (user_id, anime_id, rating) VALUES (1,8,3);
INSERT INTO UserAnimeRatings (user_id, anime_id, rating) VALUES (1,75,5);
INSERT INTO UserAnimeRatings (user_id, anime_id, rating) VALUES (1,105,4);
INSERT INTO UserAnimeRatings (user_id, anime_id, rating) VALUES (1,108,3.5);
INSERT INTO UserAnimeRatings (user_id, anime_id, rating) VALUES (1,119,5);
INSERT INTO UserAnimeRatings (user_id, anime_id, rating) VALUES (1,111,4.5);
INSERT INTO UserAnimeRatings (user_id, anime_id, rating) VALUES (2,16,0.5);
INSERT INTO UserAnimeRatings (user_id, anime_id, rating) VALUES (2,49,3);
INSERT INTO UserAnimeRatings (user_id, anime_id, rating) VALUES (2,19,2.5);
INSERT INTO UserAnimeRatings (user_id, anime_id, rating) VALUES (2,147,5);
INSERT INTO UserAnimeRatings (user_id, anime_id, rating) VALUES (3,60,5);
INSERT INTO UserAnimeRatings (user_id, anime_id, rating) VALUES (3,172,5);
INSERT INTO UserAnimeRatings (user_id, anime_id, rating) VALUES (4,90,3.5);
INSERT INTO UserAnimeRatings (user_id, anime_id, rating) VALUES (4,121,2.5);
INSERT INTO UserAnimeRatings (user_id, anime_id, rating) VALUES (4,137,2);
INSERT INTO UserAnimeRatings (user_id, anime_id, rating) VALUES (4,165,4.5);
INSERT INTO UserAnimeRatings (user_id, anime_id, rating) VALUES (4,96,3.5);
INSERT INTO UserAnimeRatings (user_id, anime_id, rating) VALUES (5,122,4);
INSERT INTO UserAnimeRatings (user_id, anime_id, rating) VALUES (5,50,5);
INSERT INTO UserAnimeRatings (user_id, anime_id, rating) VALUES (5,69,4);
INSERT INTO UserAnimeRatings (user_id, anime_id, rating) VALUES (5,142,4);
INSERT INTO UserAnimeRatings (user_id, anime_id, rating) VALUES (5,99,4.5);
INSERT INTO UserAnimeRatings (user_id, anime_id, rating) VALUES (5,141,5);
INSERT INTO UserAnimeRatings (user_id, anime_id, rating) VALUES (5,114,3);
INSERT INTO UserAnimeRatings (user_id, anime_id, rating) VALUES (5,173,4.5);
INSERT INTO UserAnimeRatings (user_id, anime_id, rating) VALUES (5,55,4);
INSERT INTO UserAnimeRatings (user_id, anime_id, rating) VALUES (5,37,4);
INSERT INTO UserAnimeRatings (user_id, anime_id, rating) VALUES (5,73,5);
INSERT INTO UserAnimeRatings (user_id, anime_id, rating) VALUES (6,122,3.5);
INSERT INTO UserAnimeRatings (user_id, anime_id, rating) VALUES (6,53,4);
INSERT INTO UserAnimeRatings (user_id, anime_id, rating) VALUES (6,6,4.5);
INSERT INTO UserAnimeRatings (user_id, anime_id, rating) VALUES (6,95,5);
INSERT INTO UserAnimeRatings (user_id, anime_id, rating) VALUES (6,119,4);
INSERT INTO UserAnimeRatings (user_id, anime_id, rating) VALUES (6,16,4.5);
INSERT INTO UserAnimeRatings (user_id, anime_id, rating) VALUES (6,37,3.5);
INSERT INTO UserAnimeRatings (user_id, anime_id, rating) VALUES (6,128,3.5);
INSERT INTO UserAnimeRatings (user_id, anime_id, rating) VALUES (6,57,2.5);
INSERT INTO UserAnimeRatings (user_id, anime_id, rating) VALUES (6,54,5);
INSERT INTO UserAnimeRatings (user_id, anime_id, rating) VALUES (6,165,5);
INSERT INTO UserAnimeRatings (user_id, anime_id, rating) VALUES (6,146,4);
INSERT INTO UserAnimeRatings (user_id, anime_id, rating) VALUES (6,170,3);
INSERT INTO UserAnimeRatings (user_id, anime_id, rating) VALUES (6,130,3.5);
INSERT INTO UserAnimeRatings (user_id, anime_id, rating) VALUES (6,22,3);
INSERT INTO UserAnimeRatings (user_id, anime_id, rating) VALUES (6,60,4);
INSERT INTO UserAnimeRatings (user_id, anime_id, rating) VALUES (6,137,3.5);
INSERT INTO UserAnimeRatings (user_id, anime_id, rating) VALUES (6,50,4.5);
INSERT INTO UserAnimeRatings (user_id, anime_id, rating) VALUES (6,84,3.5);
INSERT INTO UserAnimeRatings (user_id, anime_id, rating) VALUES (6,121,4.5);
INSERT INTO UserAnimeRatings (user_id, anime_id, rating) VALUES (6,149,3.5);
INSERT INTO UserAnimeRatings (user_id, anime_id, rating) VALUES (6,24,3.5);
INSERT INTO UserAnimeRatings (user_id, anime_id, rating) VALUES (6,61,4);
INSERT INTO UserAnimeRatings (user_id, anime_id, rating) VALUES (6,173,4.5);
INSERT INTO UserAnimeRatings (user_id, anime_id, rating) VALUES (6,94,4.5);
INSERT INTO UserAnimeRatings (user_id, anime_id, rating) VALUES (6,28,4);
INSERT INTO UserAnimeRatings (user_id, anime_id, rating) VALUES (6,66,5);
INSERT INTO UserAnimeRatings (user_id, anime_id, rating) VALUES (6,92,4);
INSERT INTO UserAnimeRatings (user_id, anime_id, rating) VALUES (6,43,3);
INSERT INTO UserAnimeRatings (user_id, anime_id, rating) VALUES (6,96,5);
INSERT INTO UserAnimeRatings (user_id, anime_id, rating) VALUES (6,11,4);
INSERT INTO UserAnimeRatings (user_id, anime_id, rating) VALUES (6,100,3.5);
INSERT INTO UserAnimeRatings (user_id, anime_id, rating) VALUES (6,26,4);
INSERT INTO UserAnimeRatings (user_id, anime_id, rating) VALUES (6,99,4);
INSERT INTO UserAnimeRatings (user_id, anime_id, rating) VALUES (6,162,4.5);
INSERT INTO UserAnimeRatings (user_id, anime_id, rating) VALUES (6,169,3.5);
INSERT INTO UserAnimeRatings (user_id, anime_id, rating) VALUES (6,38,3.5);
INSERT INTO UserAnimeRatings (user_id, anime_id, rating) VALUES (6,90,3.5);
INSERT INTO UserAnimeRatings (user_id, anime_id, rating) VALUES (6,55,4);
INSERT INTO UserAnimeRatings (user_id, anime_id, rating) VALUES (6,143,5);
INSERT INTO UserAnimeRatings (user_id, anime_id, rating) VALUES (6,44,4.5);
INSERT INTO UserAnimeRatings (user_id, anime_id, rating) VALUES (6,185,4);
INSERT INTO UserAnimeRatings (user_id, anime_id, rating) VALUES (6,152,4.5);
INSERT INTO UserAnimeRatings (user_id, anime_id, rating) VALUES (6,189,3);
INSERT INTO UserAnimeRatings (user_id, anime_id, rating) VALUES (6,142,3);
INSERT INTO UserAnimeRatings (user_id, anime_id, rating) VALUES (6,140,2.5);
INSERT INTO UserAnimeRatings (user_id, anime_id, rating) VALUES (6,110,4);
INSERT INTO UserAnimeRatings (user_id, anime_id, rating) VALUES (6,46,4.5);
INSERT INTO UserAnimeRatings (user_id, anime_id, rating) VALUES (6,147,5);
INSERT INTO UserAnimeRatings (user_id, anime_id, rating) VALUES (6,23,4);
INSERT INTO UserAnimeRatings (user_id, anime_id, rating) VALUES (6,93,5);
INSERT INTO UserAnimeRatings (user_id, anime_id, rating) VALUES (7,147,4.5);
INSERT INTO UserAnimeRatings (user_id, anime_id, rating) VALUES (7,187,3.5);
INSERT INTO UserAnimeRatings (user_id, anime_id, rating) VALUES (7,93,5);
INSERT INTO UserAnimeRatings (user_id, anime_id, rating) VALUES (7,165,3.5);
INSERT INTO UserAnimeRatings (user_id, anime_id, rating) VALUES (7,19,3);
INSERT INTO UserAnimeRatings (user_id, anime_id, rating) VALUES (7,17,5);
INSERT INTO UserAnimeRatings (user_id, anime_id, rating) VALUES (8,22,5);
INSERT INTO UserAnimeRatings (user_id, anime_id, rating) VALUES (8,37,3);
INSERT INTO UserAnimeRatings (user_id, anime_id, rating) VALUES (8,105,5);
INSERT INTO UserAnimeRatings (user_id, anime_id, rating) VALUES (8,81,3);
INSERT INTO UserAnimeRatings (user_id, anime_id, rating) VALUES (8,98,5);
INSERT INTO UserAnimeRatings (user_id, anime_id, rating) VALUES (8,95,5);
INSERT INTO UserAnimeRatings (user_id, anime_id, rating) VALUES (8,119,4);

------------------------------------------------------------------------------------------------------
--Checking data in all the tables by using Select statements
------------------------------------------------------------------------------------------------------
SELECT * FROM Anime;
SELECT * FROM StatusTable;
SELECT * FROM UserAnime;
SELECT * FROM AnimeRecommendations;
SELECT * FROM UserAnimeRatings;

